timestamp,ch1_t,ch1_h,ch3_t,ch3_h,heater,drier,humidifier,setpoint
2026-06-10T16:14:17.350771,21.2,5.3,20.6,39.6,1,1,0,120
2026-06-10T16:14:19.344908,21.2,5.3,20.6,39.5,1,1,0,120
2026-06-10T16:14:21.345067,21.2,5.3,20.6,39.3,1,1,0,120
2026-06-10T16:14:23.350747,21.2,5.3,20.5,39.2,1,1,0,120
2026-06-10T16:14:25.350442,21.2,5.2,20.6,39.1,1,1,0,120
2026-06-10T16:14:27.345638,21.2,5.2,20.6,38.9,1,1,0,120
2026-06-10T16:14:29.350628,21.2,5.2,20.6,38.8,1,1,0,120
2026-06-10T16:14:31.349601,21.2,5.2,20.6,38.7,1,1,0,120
2026-06-10T16:14:33.348771,21.2,5.2,20.7,38.6,1,1,0,120
2026-06-10T16:14:35.349845,21.2,5.2,20.7,38.4,1,1,0,120
2026-06-10T16:14:37.345855,21.2,5.2,20.7,38.3,1,1,0,120
2026-06-10T16:14:39.345109,21.2,5.2,20.8,38.3,1,1,0,120
2026-06-10T16:14:41.349778,21.2,5.2,20.9,38.2,1,1,0,120
2026-06-10T16:14:43.349767,21.2,5.2,20.9,38.1,1,1,0,120
2026-06-10T16:14:45.349309,21.2,5.2,21,38.1,1,1,0,120
2026-06-10T16:14:47.344852,21.2,5.2,21.1,38,1,1,0,120
2026-06-10T16:14:49.349547,21.2,5.2,21.2,38,1,1,0,120
2026-06-10T16:14:51.349948,21.2,5.1,21.3,37.8,1,1,0,120
2026-06-10T16:14:53.345861,21.2,5.2,21.4,37.8,1,1,0,120
2026-06-10T16:14:55.350471,21.2,5.2,21.5,37.8,1,1,0,120
2026-06-10T16:14:57.350643,21.2,5.1,21.7,37.7,1,1,0,120
2026-06-10T16:14:59.344735,21.2,5.1,21.8,37.7,1,1,0,120
2026-06-10T16:15:01.350155,21.2,5.1,21.9,37.7,1,1,0,120
2026-06-10T16:15:03.349776,21.2,5.1,22.1,37.7,1,1,0,120
2026-06-10T16:15:05.349033,21.2,5.2,22.2,37.7,1,1,0,120
2026-06-10T16:15:07.344984,21.2,5.1,22.4,37.7,1,1,0,120
2026-06-10T16:15:09.345162,21.2,5.1,22.5,37.6,1,1,0,120
2026-06-10T16:15:11.349578,21.2,5.1,22.7,37.6,1,1,0,120
2026-06-10T16:15:13.349558,21.2,5.1,22.9,37.6,1,1,0,120
2026-06-10T16:15:15.349669,21.2,5.1,23,37.5,1,1,0,120
2026-06-10T16:15:17.349673,21.2,5.1,23.2,37.5,1,1,0,120
2026-06-10T16:15:19.345184,21.2,5.1,23.4,37.5,1,1,0,120
2026-06-10T16:15:21.345074,21.2,5.1,23.6,37.4,1,1,0,120
2026-06-10T16:15:23.349913,21.2,5.1,23.8,37.3,1,1,0,120
2026-06-10T16:15:25.349090,21.2,5.1,24,37.3,1,1,0,120
2026-06-10T16:15:27.351620,21.2,5.1,24.2,37.4,1,1,0,120
2026-06-10T16:15:29.347393,21.2,5.1,24.4,37.3,1,1,0,120
2026-06-10T16:15:31.350193,21.2,5,24.6,37.3,1,1,0,120
2026-06-10T16:15:33.349101,21.2,5,24.8,37.3,1,1,0,120
2026-06-10T16:15:35.344800,21.2,5.1,25,37.1,1,1,0,120
2026-06-10T16:15:37.343956,21.2,5,25.3,37,1,1,0,120
2026-06-10T16:15:39.349067,21.2,5,25.6,37,1,1,0,120
2026-06-10T16:15:41.345050,21.2,5,25.8,36.8,1,1,0,120
2026-06-10T16:15:43.348428,21.2,5,26,36.7,1,1,0,120
2026-06-10T16:15:45.344944,21.2,5,26.2,36.5,1,1,0,120
2026-06-10T16:15:47.349687,21.3,5,26.5,36.4,1,1,0,120
2026-06-10T16:15:49.345054,21.2,5,26.8,36.3,1,1,0,120
2026-06-10T16:15:51.349799,21.2,5,27,36.1,1,1,0,120
2026-06-10T16:15:53.349410,21.2,5,27.3,36,1,1,0,120
2026-06-10T16:15:55.350084,21.3,5,27.5,35.8,1,1,0,120
2026-06-10T16:15:57.349639,21.2,5,27.8,35.7,1,1,0,120
2026-06-10T16:15:59.350803,21.2,5,28,35.5,1,1,0,120
2026-06-10T16:16:01.345975,21.2,5,28.3,35.4,1,1,0,120
2026-06-10T16:16:03.344650,21.3,5,28.5,35.2,1,1,0,120
2026-06-10T16:16:05.350638,21.3,5,28.8,35.1,1,1,0,120
2026-06-10T16:16:07.344925,21.3,5,29.1,34.9,1,1,0,120
2026-06-10T16:16:09.348528,21.3,5,29.3,34.8,1,1,0,120
2026-06-10T16:16:11.344437,21.3,5,29.6,34.6,1,1,0,120
2026-06-10T16:16:13.350346,21.2,4.9,29.8,34.5,1,1,0,120
2026-06-10T16:16:15.345482,21.3,4.9,30.1,34.4,1,1,0,120
2026-06-10T16:16:17.344972,21.3,5,30.3,34.2,1,1,0,120
2026-06-10T16:16:19.349855,21.3,4.9,30.7,34.1,1,1,0,120
2026-06-10T16:16:21.349805,21.3,5,30.9,33.9,1,1,0,120
2026-06-10T16:16:23.345370,21.3,4.9,31.2,33.8,1,1,0,120
2026-06-10T16:16:25.349730,21.3,5,31.4,33.6,1,1,0,120
2026-06-10T16:16:27.345407,21.3,4.9,31.7,33.4,1,1,0,120
2026-06-10T16:16:29.349886,21.3,4.9,31.9,33.3,1,1,0,120
2026-06-10T16:16:31.349681,21.3,4.9,32.2,33.1,1,1,0,120
2026-06-10T16:16:33.345445,21.3,4.9,32.5,32.9,1,1,0,120
2026-06-10T16:16:35.349097,21.3,4.9,32.7,32.7,1,1,0,120
2026-06-10T16:16:37.350019,21.3,4.9,33,32.6,1,1,0,120
2026-06-10T16:16:39.349499,21.3,4.9,33.3,32.3,1,1,0,120
2026-06-10T16:16:41.349726,21.3,4.9,33.5,32.2,1,1,0,120
2026-06-10T16:16:43.349689,21.3,4.9,33.8,32,1,1,0,120
2026-06-10T16:16:45.347222,21.3,4.9,34,31.8,1,1,0,120
2026-06-10T16:16:47.345134,21.3,4.9,34.3,31.7,1,1,0,120
2026-06-10T16:16:49.345169,21.3,4.9,34.6,31.5,1,1,0,120
2026-06-10T16:16:51.351185,21.3,4.8,34.8,31.3,1,1,0,120
2026-06-10T16:16:53.345312,21.3,4.9,35.1,31.2,1,1,0,120
2026-06-10T16:16:55.350149,21.3,4.9,35.3,31.1,1,1,0,120
2026-06-10T16:16:57.345242,21.3,4.9,35.6,30.9,1,1,0,120
2026-06-10T16:16:59.345304,21.3,4.9,35.8,30.7,1,1,0,120
2026-06-10T16:17:01.349487,21.4,4.9,36.2,30.5,1,1,0,120
2026-06-10T16:17:03.347530,21.3,4.9,36.4,30.3,1,1,0,120
2026-06-10T16:17:05.346962,21.3,4.9,36.6,30.1,1,1,0,120
2026-06-10T16:17:07.345966,21.3,4.8,36.9,30,1,1,0,120
2026-06-10T16:17:09.351502,21.4,4.9,37.2,29.8,1,1,0,120
2026-06-10T16:17:11.350593,21.4,4.9,37.4,29.7,1,1,0,120
2026-06-10T16:17:13.351323,21.4,4.9,37.7,29.4,1,1,0,120
2026-06-10T16:17:15.349663,21.4,4.8,37.9,29.2,1,1,0,120
2026-06-10T16:17:17.352989,21.4,4.8,38.2,29.1,1,1,0,120
2026-06-10T16:17:19.345403,21.4,4.8,38.4,28.9,1,1,0,120
2026-06-10T16:17:21.352435,21.4,4.8,38.7,28.7,1,1,0,120
2026-06-10T16:17:23.351949,21.4,4.8,38.9,28.5,1,1,0,120
2026-06-10T16:17:25.350379,21.4,4.8,39.2,28.4,1,1,0,120
2026-06-10T16:17:27.352155,21.4,4.8,39.5,28.2,1,1,0,120
2026-06-10T16:17:29.345479,21.4,4.8,39.7,28,1,1,0,120
2026-06-10T16:17:31.351386,21.4,4.8,40,27.8,1,1,0,120
2026-06-10T16:17:33.351532,21.4,4.8,40.2,27.6,1,1,0,120
2026-06-10T16:17:35.351397,21.4,4.8,40.5,27.4,1,1,0,120
2026-06-10T16:17:37.353742,21.4,4.8,40.7,27.3,1,1,0,120
2026-06-10T16:17:39.349635,21.4,4.8,41,27.1,1,1,0,120
2026-06-10T16:17:41.350668,21.4,4.8,41.2,26.9,1,1,0,120
2026-06-10T16:17:43.350440,21.5,4.8,41.4,26.7,1,1,0,120
2026-06-10T16:17:45.350001,21.5,4.8,41.7,26.5,1,1,0,120
2026-06-10T16:17:47.344865,21.5,4.8,41.9,26.4,1,1,0,120
2026-06-10T16:17:49.345751,21.5,4.8,42.2,26.3,1,1,0,120
2026-06-10T16:17:51.349986,21.5,4.8,42.4,26.1,1,1,0,120
2026-06-10T16:17:53.344983,21.5,4.8,42.7,25.9,1,1,0,120
2026-06-10T16:17:55.345311,21.5,4.8,43,25.7,1,1,0,120
2026-06-10T16:17:57.350407,21.5,4.8,43.2,25.6,1,1,0,120
2026-06-10T16:17:59.351902,21.5,4.8,43.5,25.4,1,1,0,120
2026-06-10T16:18:01.353597,21.5,4.8,43.7,25.3,1,1,0,120
2026-06-10T16:18:03.349040,21.5,4.8,44,25.1,1,1,0,120
2026-06-10T16:18:05.345538,21.5,4.8,44.2,24.9,1,1,0,120
2026-06-10T16:18:07.352151,21.5,4.8,44.5,24.8,1,1,0,120
2026-06-10T16:18:09.345725,21.5,4.7,44.8,24.6,1,1,0,120
2026-06-10T16:18:11.350041,21.6,4.8,45,24.5,1,1,0,120
2026-06-10T16:18:13.345527,21.5,4.8,45.2,24.3,1,1,0,120
2026-06-10T16:18:15.349862,21.5,4.7,45.5,24.2,1,1,0,120
2026-06-10T16:18:17.349797,21.6,4.8,45.8,24,1,1,0,120
2026-06-10T16:18:19.344664,21.6,4.7,46,23.8,1,1,0,120
2026-06-10T16:18:21.345268,21.6,4.7,46.3,23.7,1,1,0,120
2026-06-10T16:18:23.350632,21.6,4.7,46.5,23.6,1,1,0,120
2026-06-10T16:18:25.350875,21.6,4.7,46.8,23.4,1,1,0,120
2026-06-10T16:18:27.350546,21.6,4.7,47,23.3,1,1,0,120
2026-06-10T16:18:29.345208,21.6,4.7,47.3,23.1,1,1,0,120
2026-06-10T16:18:31.344942,21.6,4.8,47.5,23,1,1,0,120
2026-06-10T16:18:33.350240,21.6,4.7,47.8,22.8,1,1,0,120
2026-06-10T16:18:35.349949,21.6,4.7,48,22.7,1,1,0,120
2026-06-10T16:18:37.345056,21.6,4.7,48.3,22.5,1,1,0,120
2026-06-10T16:18:39.345127,21.6,4.7,48.5,22.4,1,1,0,120
2026-06-10T16:18:41.350477,21.6,4.7,48.8,22.3,1,1,0,120
2026-06-10T16:18:43.352164,21.6,4.7,49,22.2,1,1,0,120
2026-06-10T16:18:45.345279,21.6,4.7,49.3,22,1,1,0,120
2026-06-10T16:18:47.351135,21.7,4.7,49.5,21.8,1,1,0,120
2026-06-10T16:18:49.345678,21.7,4.7,49.8,21.7,1,1,0,120
2026-06-10T16:18:51.344825,21.7,4.7,50,21.6,1,1,0,120
2026-06-10T16:18:53.350721,21.7,4.7,50.2,21.4,1,1,0,120
2026-06-10T16:18:55.348107,21.7,4.7,50.5,21.3,1,1,0,120
2026-06-10T16:18:57.350455,21.7,4.7,50.7,21.2,1,1,0,120
2026-06-10T16:18:59.345498,21.7,4.7,51,21.1,1,1,0,120
2026-06-10T16:19:01.349578,21.7,4.7,51.3,21,1,1,0,120
2026-06-10T16:19:03.346955,21.7,4.7,51.5,20.8,1,1,0,120
2026-06-10T16:19:05.350613,21.7,4.7,51.8,20.7,1,1,0,120
2026-06-10T16:19:07.350145,21.7,4.7,52,20.5,1,1,0,120
2026-06-10T16:19:09.349815,21.7,4.7,52.3,20.5,1,1,0,120
2026-06-10T16:19:11.350101,21.8,4.6,52.5,20.3,1,1,0,120
2026-06-10T16:19:13.350232,21.8,4.6,52.8,20.2,1,1,0,120
2026-06-10T16:19:15.349636,21.8,4.7,53,20.1,1,1,0,120
2026-06-10T16:19:17.349719,21.8,4.7,53.2,20,1,1,0,120
2026-06-10T16:19:19.345891,21.8,4.7,53.5,19.8,1,1,0,120
2026-06-10T16:19:21.345273,21.8,4.7,53.7,19.7,1,1,0,120
2026-06-10T16:19:23.349712,21.8,4.6,54,19.6,1,1,0,120
2026-06-10T16:19:25.350302,21.8,4.6,54.2,19.5,1,1,0,120
2026-06-10T16:19:27.350408,21.8,4.7,54.4,19.4,1,1,0,120
2026-06-10T16:19:29.348988,21.8,4.6,54.7,19.3,1,1,0,120
2026-06-10T16:19:31.350311,21.8,4.7,54.9,19.1,1,1,0,120
2026-06-10T16:19:33.346819,21.8,4.7,55.2,19,1,1,0,120
2026-06-10T16:19:35.350175,21.8,4.7,55.4,19,1,1,0,120
2026-06-10T16:19:37.348686,21.8,4.6,55.7,18.8,1,1,0,120
2026-06-10T16:19:39.345918,21.9,4.7,55.9,18.7,1,1,0,120
2026-06-10T16:19:41.351560,21.9,4.7,56.1,18.7,1,1,0,120
2026-06-10T16:19:43.349494,21.9,4.7,56.4,18.5,1,1,0,120
2026-06-10T16:19:45.349317,21.9,4.6,56.6,18.4,1,1,0,120
2026-06-10T16:19:47.345841,21.9,4.7,56.8,18.3,1,1,0,120
2026-06-10T16:19:49.350424,21.9,4.6,57.1,18.2,1,1,0,120
2026-06-10T16:19:51.349993,21.9,4.6,57.4,18.1,1,1,0,120
2026-06-10T16:19:53.350343,21.9,4.6,57.6,18,1,1,0,120
2026-06-10T16:19:55.348844,21.9,4.6,57.9,17.8,1,1,0,120
2026-06-10T16:19:57.350704,21.9,4.7,58.1,17.8,1,1,0,120
2026-06-10T16:19:59.349997,21.9,4.7,58.3,17.7,1,1,0,120
2026-06-10T16:20:01.349535,21.9,4.6,58.6,17.6,1,1,0,120
2026-06-10T16:20:03.354062,21.9,4.6,58.9,17.5,1,1,0,120
2026-06-10T16:20:05.350739,22,4.6,59.1,17.4,1,1,0,120
2026-06-10T16:20:07.349873,22,4.6,59.4,17.3,1,1,0,120
2026-06-10T16:20:09.350256,22,4.6,59.6,17.2,1,1,0,120
2026-06-10T16:20:11.350242,22,4.6,59.8,17.1,1,1,0,120
2026-06-10T16:20:13.349729,22,4.6,60.1,17,1,1,0,120
2026-06-10T16:20:15.349600,22,4.6,60.3,16.9,1,1,0,120
2026-06-10T16:20:17.350120,22,4.6,60.6,16.8,1,1,0,120
2026-06-10T16:20:19.349537,22,4.6,60.8,16.8,1,1,0,120
2026-06-10T16:20:21.345376,22,4.6,61.1,16.6,1,1,0,120
2026-06-10T16:20:23.349998,22,4.6,61.3,16.6,1,1,0,120
2026-06-10T16:20:25.349650,22,4.6,61.6,16.5,1,1,0,120
2026-06-10T16:20:27.349145,22,4.6,61.8,16.4,1,1,0,120
2026-06-10T16:20:29.346545,22,4.6,62.1,16.3,1,1,0,120
2026-06-10T16:20:31.350388,22,4.6,62.3,16.2,1,1,0,120
2026-06-10T16:20:33.346055,22,4.6,62.5,16.2,1,1,0,120
2026-06-10T16:20:35.345657,22.1,4.6,62.8,16,1,1,0,120
2026-06-10T16:20:37.344952,22,4.6,63,16,1,1,0,120
2026-06-10T16:20:39.346160,22.1,4.6,63.2,15.9,1,1,0,120
2026-06-10T16:20:41.349827,22.1,4.6,63.4,15.9,1,1,0,120
2026-06-10T16:20:43.350024,22.1,4.6,63.6,15.7,1,1,0,120
2026-06-10T16:20:45.349090,22.1,4.6,63.9,15.7,1,1,0,120
2026-06-10T16:20:47.349317,22.1,4.6,64.1,15.6,1,1,0,120
2026-06-10T16:20:49.349503,22.1,4.6,64.3,15.5,1,1,0,120
2026-06-10T16:20:51.346166,22.1,4.6,64.5,15.5,1,1,0,120
2026-06-10T16:20:53.345962,22.1,4.5,64.8,15.4,1,1,0,120
2026-06-10T16:20:55.345985,22.1,4.6,65,15.3,1,1,0,120
2026-06-10T16:20:57.351080,22.1,4.5,65.2,15.2,1,1,0,120
2026-06-10T16:20:59.350663,22.2,4.6,65.4,15.3,1,1,0,120
2026-06-10T16:21:01.347808,22.2,4.6,65.7,15.2,1,1,0,120
2026-06-10T16:21:03.346179,22.2,4.6,65.9,15.1,1,1,0,120
2026-06-10T16:21:05.350900,22.2,4.6,66.1,15.1,1,1,0,120
2026-06-10T16:21:07.347240,22.2,4.5,66.4,14.9,1,1,0,120
2026-06-10T16:21:09.345392,22.2,4.6,66.6,14.9,1,1,0,120
2026-06-10T16:21:11.345928,22.2,4.6,66.9,14.8,1,1,0,120
2026-06-10T16:21:13.346000,22.2,4.5,67.1,14.8,1,1,0,120
2026-06-10T16:21:15.347615,22.2,4.6,67.4,14.7,1,1,0,120
2026-06-10T16:21:17.345976,22.2,4.6,67.6,14.6,1,1,0,120
2026-06-10T16:21:19.345901,22.2,4.6,67.8,14.5,1,1,0,120
2026-06-10T16:21:21.348854,22.2,4.5,68,14.5,1,1,0,120
2026-06-10T16:21:23.345992,22.2,4.6,68.3,14.4,1,1,0,120
2026-06-10T16:21:25.349640,22.2,4.5,68.5,14.3,1,1,0,120
2026-06-10T16:21:27.348320,22.2,4.5,68.7,14.2,1,1,0,120
2026-06-10T16:21:29.349848,22.3,4.5,68.9,14.2,1,1,0,120
2026-06-10T16:21:31.345785,22.3,4.5,69.1,14.1,1,1,0,120
2026-06-10T16:21:33.346329,22.3,4.6,69.3,14.1,1,1,0,120
2026-06-10T16:21:35.348714,22.3,4.6,69.5,14,1,1,0,120
2026-06-10T16:21:37.349721,22.3,4.6,69.6,14,1,1,0,120
2026-06-10T16:21:39.345843,22.3,4.5,69.8,13.9,1,1,0,120
2026-06-10T16:21:41.345698,22.3,4.6,69.9,13.9,1,1,0,120
2026-06-10T16:21:43.346095,22.3,4.6,70.1,13.8,1,1,0,120
2026-06-10T16:21:45.346118,22.3,4.6,70.3,13.8,1,1,0,120
2026-06-10T16:21:47.346265,22.3,4.6,70.4,13.7,1,1,0,120
2026-06-10T16:21:49.346044,22.3,4.6,70.5,13.7,1,1,0,120
2026-06-10T16:21:51.346339,22.4,4.5,70.6,13.8,1,1,0,120
2026-06-10T16:21:53.349271,22.4,4.6,70.7,13.7,1,1,0,120
2026-06-10T16:21:55.348625,22.4,4.5,70.8,13.7,1,1,0,120
2026-06-10T16:21:57.348576,22.4,4.6,70.9,13.7,1,1,0,120
2026-06-10T16:21:59.346215,22.4,4.6,71,13.7,1,1,0,120
2026-06-10T16:22:01.345952,22.4,4.6,71,13.7,1,1,0,120
2026-06-10T16:22:03.346091,22.4,4.6,71.1,13.7,1,1,0,120
2026-06-10T16:22:05.346248,22.4,4.6,71.1,13.7,1,1,0,120
2026-06-10T16:22:07.348930,22.4,4.6,71.1,13.8,1,1,0,120
2026-06-10T16:22:09.345821,22.4,4.6,71.1,13.7,1,1,0,120
2026-06-10T16:22:11.346276,22.4,4.5,71.1,13.7,1,1,0,120
2026-06-10T16:22:13.346205,22.4,4.6,71.2,13.7,1,1,0,120
2026-06-10T16:22:15.349926,22.5,4.5,71.2,13.7,1,1,0,120
2026-06-10T16:22:17.346163,22.4,4.6,71.2,13.7,1,1,0,120
2026-06-10T16:22:19.349001,22.5,4.6,71.2,13.7,1,1,0,120
2026-06-10T16:22:21.346002,22.5,4.6,71.2,13.7,1,1,0,120
2026-06-10T16:22:23.349358,22.5,4.5,71.2,13.6,1,1,0,120
2026-06-10T16:22:25.347398,22.5,4.6,71.2,13.7,1,1,0,120
2026-06-10T16:22:27.346548,22.5,4.5,71.3,13.6,1,1,0,120
2026-06-10T16:22:29.345965,22.5,4.6,71.3,13.6,1,1,0,120
2026-06-10T16:22:31.346004,22.5,4.6,71.3,13.6,1,1,0,120
2026-06-10T16:22:33.345992,22.5,4.6,71.3,13.5,1,1,0,120
2026-06-10T16:22:35.346282,22.5,4.6,71.4,13.5,1,1,0,120
2026-06-10T16:22:37.348848,22.5,4.5,71.4,13.6,1,1,0,120
2026-06-10T16:22:39.349869,22.5,4.6,71.4,13.5,1,1,0,120
2026-06-10T16:22:41.346449,22.5,4.5,71.5,13.5,1,1,0,120
2026-06-10T16:22:43.345616,22.6,4.5,71.5,13.5,1,1,0,120
2026-06-10T16:22:45.346479,22.6,4.5,71.6,13.5,1,1,0,120
2026-06-10T16:22:47.346237,22.6,4.6,71.7,13.4,1,1,0,120
2026-06-10T16:22:49.346047,22.6,4.5,71.7,13.4,1,1,0,120
2026-06-10T16:22:51.346517,22.6,4.6,71.8,13.3,1,1,0,120
2026-06-10T16:22:53.346465,22.6,4.5,71.9,13.4,1,1,0,120
2026-06-10T16:22:55.349409,22.6,4.6,72,13.3,1,1,0,120
2026-06-10T16:22:57.346565,22.6,4.5,72.1,13.3,1,1,0,120
2026-06-10T16:22:59.348353,22.6,4.6,72.2,13.3,1,1,0,120
2026-06-10T16:23:01.346177,22.6,4.6,72.3,13.2,1,1,0,120
2026-06-10T16:23:03.346305,22.6,4.6,72.4,13.2,1,1,0,120
2026-06-10T16:23:05.348872,22.6,4.5,72.5,13.2,1,1,0,120
2026-06-10T16:23:07.346774,22.7,4.6,72.6,13.1,1,1,0,120
2026-06-10T16:23:09.346818,22.6,4.5,72.7,13.2,1,1,0,120
2026-06-10T16:23:11.346486,22.7,4.6,72.9,13.1,1,1,0,120
2026-06-10T16:23:13.350434,22.7,4.6,73,13.1,1,1,0,120
2026-06-10T16:23:15.350194,22.7,4.6,73.1,13.1,1,1,0,120
2026-06-10T16:23:17.346345,22.7,4.6,73.3,13.2,1,1,0,120
2026-06-10T16:23:19.346654,22.7,4.6,73.4,13,1,1,0,120
2026-06-10T16:23:21.346097,22.7,4.5,73.5,13,1,1,0,120
2026-06-10T16:23:23.346033,22.7,4.6,73.6,13,1,1,0,120
2026-06-10T16:23:25.345793,22.7,4.6,73.8,13,1,1,0,120
2026-06-10T16:23:27.349169,22.7,4.6,73.9,13,1,1,0,120
2026-06-10T16:23:29.347652,22.7,4.5,74.1,12.9,1,1,0,120
2026-06-10T16:23:31.347681,22.7,4.6,74.2,12.9,1,1,0,120
2026-06-10T16:23:33.347821,22.7,4.5,74.3,12.8,1,1,0,120
2026-06-10T16:23:35.349324,22.8,4.6,74.5,12.8,1,1,0,120
2026-06-10T16:23:37.347409,22.8,4.6,74.6,12.8,1,1,0,120
2026-06-10T16:23:39.346233,22.8,4.6,74.8,12.7,1,1,0,120
2026-06-10T16:23:41.346058,22.8,4.6,74.9,12.7,1,1,0,120
2026-06-10T16:23:43.347056,22.8,4.6,75.1,12.7,1,1,0,120
2026-06-10T16:23:45.346247,22.8,4.6,75.2,12.6,1,1,0,120
2026-06-10T16:23:47.346454,22.8,4.5,75.4,12.7,1,1,0,120
2026-06-10T16:23:49.346066,22.8,4.6,75.5,12.6,1,1,0,120
2026-06-10T16:23:51.346147,22.8,4.6,75.7,12.6,1,1,0,120
2026-06-10T16:23:53.347721,22.8,4.6,75.8,12.6,1,1,0,120
2026-06-10T16:23:55.347495,22.8,4.6,76,12.5,1,1,0,120
2026-06-10T16:23:57.345746,22.8,4.6,76.1,12.5,1,1,0,120
2026-06-10T16:23:59.348906,22.8,4.6,76.2,12.4,1,1,0,120
2026-06-10T16:24:01.346156,22.8,4.6,76.4,12.5,1,1,0,120
2026-06-10T16:24:03.346722,22.9,4.6,76.6,12.5,1,1,0,120
2026-06-10T16:24:05.347545,22.9,4.6,76.7,12.4,1,1,0,120
2026-06-10T16:24:07.348757,22.9,4.6,76.9,12.4,1,1,0,120
2026-06-10T16:24:09.347677,22.9,4.6,77,12.3,1,1,0,120
2026-06-10T16:24:11.348764,22.9,4.6,77.2,12.3,1,1,0,120
2026-06-10T16:24:13.346629,22.9,4.6,77.3,12.3,1,1,0,120
2026-06-10T16:24:15.347321,22.9,4.6,77.5,12.2,1,1,0,120
2026-06-10T16:24:17.346434,22.9,4.6,77.7,12.2,1,1,0,120
2026-06-10T16:24:19.349376,22.9,4.6,77.9,12.2,1,1,0,120
2026-06-10T16:24:21.346286,22.9,4.6,78,12.2,1,1,0,120
2026-06-10T16:24:23.349699,22.9,4.6,78.1,12.2,1,1,0,120
2026-06-10T16:24:25.348699,22.9,4.6,78.3,12.1,1,1,0,120
2026-06-10T16:24:27.347290,22.9,4.6,78.5,12.1,1,1,0,120
2026-06-10T16:24:29.348473,22.9,4.6,78.6,12.1,1,1,0,120
2026-06-10T16:24:31.347824,22.9,4.6,78.8,12.1,1,1,0,120
2026-06-10T16:24:33.347125,23,4.6,79,12,1,1,0,120
2026-06-10T16:24:35.345398,23,4.6,79.1,12,1,1,0,120
2026-06-10T16:24:37.347238,23,4.6,79.3,12,1,1,0,120
2026-06-10T16:24:39.346338,23,4.6,79.4,12,1,1,0,120
2026-06-10T16:24:41.346103,23,4.6,79.6,11.9,1,1,0,120
2026-06-10T16:24:43.345700,23,4.6,79.8,12,1,1,0,120
2026-06-10T16:24:45.346200,23,4.6,79.9,11.9,1,1,0,120
2026-06-10T16:24:47.346335,23,4.6,80.1,11.9,1,1,0,120
2026-06-10T16:24:49.346227,23,4.6,80.2,11.8,1,1,0,120
2026-06-10T16:24:51.347143,23,4.6,80.4,11.8,1,1,0,120
2026-06-10T16:24:53.345901,23,4.6,80.5,11.8,1,1,0,120
2026-06-10T16:24:55.346357,23,4.6,80.7,11.8,1,1,0,120
2026-06-10T16:24:57.348490,23,4.6,80.9,11.8,1,1,0,120
2026-06-10T16:24:59.348729,23,4.7,81.1,11.7,1,1,0,120
2026-06-10T16:25:01.346891,23,4.7,81.2,11.7,1,1,0,120
2026-06-10T16:25:03.346149,23,4.7,81.4,11.7,1,1,0,120
2026-06-10T16:25:05.347903,23,4.7,81.5,11.7,1,1,0,120
2026-06-10T16:25:07.345848,23,4.7,81.7,11.7,1,1,0,120
2026-06-10T16:25:09.348901,23.1,4.6,81.8,11.6,1,1,0,120
2026-06-10T16:25:11.349509,23.1,4.7,82,11.6,1,1,0,120
2026-06-10T16:25:13.346231,23.1,4.6,82.2,11.6,1,1,0,120
2026-06-10T16:25:15.346638,23.1,4.7,82.3,11.6,1,1,0,120
2026-06-10T16:25:17.346527,23.1,4.6,82.5,11.5,1,1,0,120
2026-06-10T16:25:19.346585,23.1,4.7,82.6,11.5,1,1,0,120
2026-06-10T16:25:21.346304,23.1,4.7,82.8,11.5,1,1,0,120
2026-06-10T16:25:23.346286,23.1,4.7,82.9,11.5,1,1,0,120
2026-06-10T16:25:25.349218,23.1,4.7,83.1,11.4,1,1,0,120
2026-06-10T16:25:27.348820,23.1,4.7,83.3,11.5,1,1,0,120
2026-06-10T16:25:29.350582,23.1,4.7,83.4,11.5,1,1,0,120
2026-06-10T16:25:31.347214,23.1,4.7,83.6,11.5,1,1,0,120
2026-06-10T16:25:33.348012,23.2,4.7,83.7,11.4,1,1,0,120
2026-06-10T16:25:35.346623,23.2,4.7,83.9,11.4,1,1,0,120
2026-06-10T16:25:37.346285,23.1,4.7,84,11.4,1,1,0,120
2026-06-10T16:25:39.346542,23.2,4.7,84.2,11.4,1,1,0,120
2026-06-10T16:25:41.346537,23.2,4.7,84.4,11.3,1,1,0,120
2026-06-10T16:25:43.347836,23.2,4.7,84.5,11.3,1,1,0,120
2026-06-10T16:25:45.348492,23.2,4.7,84.6,11.4,1,1,0,120
2026-06-10T16:25:47.347967,23.2,4.7,84.8,11.3,1,1,0,120
2026-06-10T16:25:49.346198,23.2,4.7,85,11.3,1,1,0,120
2026-06-10T16:25:51.346371,23.2,4.7,85.1,11.3,1,1,0,120
2026-06-10T16:25:53.347071,23.2,4.7,85.3,11.3,1,1,0,120
2026-06-10T16:25:55.346638,23.2,4.8,85.4,11.3,1,1,0,120
2026-06-10T16:25:57.349555,23.2,4.7,85.6,11.2,1,1,0,120
2026-06-10T16:25:59.347970,23.2,4.7,85.8,11.2,1,1,0,120
2026-06-10T16:26:01.349373,23.2,4.7,85.9,11.2,1,1,0,120
2026-06-10T16:26:03.347482,23.2,4.7,86,11.2,1,1,0,120
2026-06-10T16:26:05.346484,23.2,4.7,86.2,11.1,1,1,0,120
2026-06-10T16:26:07.346736,23.2,4.7,86.4,11.1,1,1,0,120
2026-06-10T16:26:09.346284,23.3,4.7,86.5,11.1,1,1,0,120
2026-06-10T16:26:11.347358,23.3,4.8,86.7,11.2,1,1,0,120
2026-06-10T16:26:13.350829,23.3,4.8,86.8,11.1,1,1,0,120
2026-06-10T16:26:15.348410,23.3,4.7,87,11.1,1,1,0,120
2026-06-10T16:26:17.348136,23.3,4.8,87.1,11.1,1,1,0,120
2026-06-10T16:26:19.348182,23.3,4.8,87.3,11,1,1,0,120
2026-06-10T16:26:21.346264,23.3,4.8,87.5,11.1,1,1,0,120
2026-06-10T16:26:23.346204,23.3,4.8,87.6,11,1,1,0,120
2026-06-10T16:26:25.346363,23.3,4.8,87.8,11,1,1,0,120
2026-06-10T16:26:27.346417,23.3,4.8,87.9,11,1,1,0,120
2026-06-10T16:26:29.346367,23.3,4.8,88,11,1,1,0,120
2026-06-10T16:26:31.345936,23.3,4.8,88.2,11,1,1,0,120
2026-06-10T16:26:33.346303,23.4,4.8,88.4,11,1,1,0,120
2026-06-10T16:26:35.346279,23.4,4.8,88.5,10.9,1,1,0,120
2026-06-10T16:26:37.346668,23.4,4.8,88.6,10.9,1,1,0,120
2026-06-10T16:26:39.346261,23.4,4.8,88.8,10.9,1,1,0,120
2026-06-10T16:26:41.349904,23.4,4.8,89,10.9,1,1,0,120
2026-06-10T16:26:43.346674,23.4,4.8,89.1,10.8,1,1,0,120
2026-06-10T16:26:45.346551,23.4,4.8,89.2,10.8,1,1,0,120
2026-06-10T16:26:47.346804,23.4,4.8,89.4,10.8,1,1,0,120
2026-06-10T16:26:49.346712,23.4,4.8,89.5,10.8,1,1,0,120
2026-06-10T16:26:51.347396,23.4,4.8,89.7,10.8,1,1,0,120
2026-06-10T16:26:53.346630,23.4,4.9,89.9,10.8,1,1,0,120
2026-06-10T16:26:55.346230,23.4,4.9,90,10.8,1,1,0,120
2026-06-10T16:26:57.346534,23.4,4.8,90.1,10.7,1,1,0,120
2026-06-10T16:26:59.346277,23.4,4.8,90.3,10.7,1,1,0,120
2026-06-10T16:27:01.346720,23.4,4.8,90.5,10.7,1,1,0,120
2026-06-10T16:27:03.346565,23.4,4.9,90.6,10.7,1,1,0,120
2026-06-10T16:27:05.346353,23.4,4.8,90.7,10.6,1,1,0,120
2026-06-10T16:27:07.346345,23.5,4.9,90.9,10.7,1,1,0,120
2026-06-10T16:27:09.346090,23.4,4.9,91,10.6,1,1,0,120
2026-06-10T16:27:11.346204,23.5,4.9,91.2,10.6,1,1,0,120
2026-06-10T16:27:13.347921,23.5,4.9,91.3,10.6,1,1,0,120
2026-06-10T16:27:15.346500,23.5,4.9,91.5,10.7,1,1,0,120
2026-06-10T16:27:17.348237,23.5,4.8,91.6,10.6,1,1,0,120
2026-06-10T16:27:19.346324,23.5,4.9,91.8,10.6,1,1,0,120
2026-06-10T16:27:21.346218,23.5,4.9,91.9,10.6,1,1,0,120
2026-06-10T16:27:23.347252,23.5,4.9,92.1,10.6,1,1,0,120
2026-06-10T16:27:25.346781,23.5,4.9,92.2,10.6,1,1,0,120
2026-06-10T16:27:27.346171,23.5,4.9,92.4,10.5,1,1,0,120
2026-06-10T16:27:29.349198,23.5,4.9,92.5,10.5,1,1,0,120
2026-06-10T16:27:31.348785,23.5,4.9,92.7,10.6,1,1,0,120
2026-06-10T16:27:33.346783,23.5,4.9,92.8,10.5,1,1,0,120
2026-06-10T16:27:35.347739,23.6,4.9,92.9,10.5,1,1,0,120
2026-06-10T16:27:37.348118,23.5,4.9,93.1,10.5,1,1,0,120
2026-06-10T16:27:39.347380,23.6,4.9,93.2,10.5,1,1,0,120
2026-06-10T16:27:41.346115,23.5,5,93.4,10.4,1,1,0,120
2026-06-10T16:27:43.347075,23.6,4.9,93.5,10.4,1,1,0,120
2026-06-10T16:27:45.346803,23.6,4.9,93.6,10.4,1,1,0,120
2026-06-10T16:27:47.346736,23.6,5,93.8,10.4,1,1,0,120
2026-06-10T16:27:49.346818,23.6,5,93.9,10.4,1,1,0,120
2026-06-10T16:27:51.346737,23.6,4.9,94.1,10.4,1,1,0,120
2026-06-10T16:27:53.346809,23.6,5,94.2,10.3,1,1,0,120
2026-06-10T16:27:55.346487,23.6,5,94.4,10.4,1,1,0,120
2026-06-10T16:27:57.347004,23.6,4.9,94.5,10.4,1,1,0,120
2026-06-10T16:27:59.346915,23.6,5,94.6,10.3,1,1,0,120
2026-06-10T16:28:01.346132,23.6,5,94.8,10.3,1,1,0,120
2026-06-10T16:28:03.346742,23.6,5,94.9,10.3,1,1,0,120
2026-06-10T16:28:05.346420,23.7,5,95,10.3,1,1,0,120
2026-06-10T16:28:07.346916,23.6,5,95.2,10.2,1,1,0,120
2026-06-10T16:28:09.346856,23.6,5,95.3,10.2,1,1,0,120
2026-06-10T16:28:11.346396,23.7,5,95.4,10.2,1,1,0,120
2026-06-10T16:28:13.347050,23.7,5,95.5,10.3,1,1,0,120
2026-06-10T16:28:15.352900,23.7,5,95.6,10.1,1,1,0,120
2026-06-10T16:28:17.346812,23.7,5,95.7,10.2,1,1,0,120
2026-06-10T16:28:19.346799,23.7,5,95.8,10.2,1,1,0,120
2026-06-10T16:28:21.345857,23.7,5,96,10.2,1,1,0,120
2026-06-10T16:28:23.347422,23.7,5.1,96.1,10.1,1,1,0,120
2026-06-10T16:28:25.348824,23.7,5,96.2,10.2,1,1,0,120
2026-06-10T16:28:27.353498,23.7,5.1,96.3,10.1,1,1,0,120
2026-06-10T16:28:29.354116,23.7,5,96.4,10.1,1,1,0,120
2026-06-10T16:28:31.347038,23.7,5.1,96.5,10.1,1,1,0,120
2026-06-10T16:28:33.353541,23.8,5.1,96.7,10.1,1,1,0,120
2026-06-10T16:28:35.352389,23.8,5.1,96.8,10,1,1,0,120
2026-06-10T16:28:37.346465,23.7,5.1,96.9,10,1,1,0,120
2026-06-10T16:28:39.346851,23.8,5.1,97,10.1,1,1,0,120
2026-06-10T16:28:41.347163,23.8,5.1,97.1,10.1,1,1,0,120
2026-06-10T16:28:43.347182,23.8,5.1,97.2,10.1,1,1,0,120
2026-06-10T16:28:45.346969,23.8,5.1,97.3,10.1,1,1,0,120
2026-06-10T16:28:47.352113,23.7,5.1,97.5,10,1,1,0,120
2026-06-10T16:28:49.349809,23.8,5.1,97.6,10.1,1,1,0,120
2026-06-10T16:28:51.352939,23.8,5.1,97.7,10,1,1,0,120
2026-06-10T16:28:53.349969,23.8,5.1,97.8,10,1,1,0,120
2026-06-10T16:28:55.350126,23.8,5.1,97.9,10,1,1,0,120
2026-06-10T16:28:57.346942,23.8,5.1,98.1,9.9,1,1,0,120
2026-06-10T16:28:59.347073,23.8,5.1,98.2,9.9,1,1,0,120
2026-06-10T16:29:01.351675,23.8,5.2,98.3,10,1,1,0,120
2026-06-10T16:29:03.346497,23.8,5.1,98.4,10,1,1,0,120
2026-06-10T16:29:05.346800,23.8,5.1,98.5,10,1,1,0,120
2026-06-10T16:29:07.346411,23.8,5.2,98.7,10,1,1,0,120
2026-06-10T16:29:09.346399,23.8,5.2,98.8,9.9,1,1,0,120
2026-06-10T16:29:11.346937,23.9,5.2,98.9,10,1,1,0,120
2026-06-10T16:29:13.346112,23.9,5.2,99,9.9,1,1,0,120
2026-06-10T16:29:15.346340,23.9,5.2,99.2,9.9,1,1,0,120
2026-06-10T16:29:17.346997,23.8,5.2,99.3,9.9,1,1,0,120
2026-06-10T16:29:19.346846,23.9,5.2,99.5,9.9,1,1,0,120
2026-06-10T16:29:21.347076,23.9,5.2,99.6,9.9,1,1,0,120
2026-06-10T16:29:23.346700,23.9,5.2,99.8,9.8,1,1,0,120
2026-06-10T16:29:25.346407,23.9,5.2,99.9,9.8,1,1,0,120
2026-06-10T16:29:27.347271,23.9,5.2,100.1,9.8,1,1,0,120
2026-06-10T16:29:29.346766,23.9,5.2,100.2,9.8,1,1,0,120
2026-06-10T16:29:31.347338,23.9,5.2,100.4,9.8,1,1,0,120
2026-06-10T16:29:33.347106,23.9,5.2,100.5,9.8,1,1,0,120
2026-06-10T16:29:35.347514,23.9,5.3,100.7,9.8,1,1,0,120
2026-06-10T16:29:37.346904,23.9,5.3,100.8,9.8,1,1,0,120
2026-06-10T16:29:39.347346,23.9,5.3,100.9,9.8,1,1,0,120
2026-06-10T16:29:41.347426,23.9,5.3,101.1,9.8,1,1,0,120
2026-06-10T16:29:43.347085,23.9,5.2,101.2,9.8,1,1,0,120
2026-06-10T16:29:45.347305,23.9,5.3,101.4,9.7,1,1,0,120
2026-06-10T16:29:47.347082,23.9,5.2,101.5,9.8,1,1,0,120
2026-06-10T16:29:49.347464,23.9,5.3,101.6,9.8,1,1,0,120
2026-06-10T16:29:51.347251,23.9,5.3,101.7,9.8,1,1,0,120
2026-06-10T16:29:53.347235,23.9,5.3,101.9,9.8,1,1,0,120
2026-06-10T16:29:55.346522,24,5.3,102,9.7,1,1,0,120
2026-06-10T16:29:57.346536,24,5.3,102.2,9.8,1,1,0,120
2026-06-10T16:29:59.347049,24,5.3,102.3,9.7,1,1,0,120
2026-06-10T16:30:01.347387,23.9,5.3,102.4,9.7,1,1,0,120
2026-06-10T16:30:03.346789,24,5.3,102.6,9.7,1,1,0,120
2026-06-10T16:30:05.347096,24,5.3,102.7,9.7,1,1,0,120
2026-06-10T16:30:07.346774,24,5.3,102.8,9.7,1,1,0,120
2026-06-10T16:30:09.347075,24,5.3,102.9,9.7,1,1,0,120
2026-06-10T16:30:11.346834,24,5.4,103.1,9.7,1,1,0,120
2026-06-10T16:30:13.351483,24,5.3,103.2,9.7,1,1,0,120
2026-06-10T16:30:15.346719,24,5.4,103.3,9.7,1,1,0,120
2026-06-10T16:30:17.347438,24,5.4,103.5,9.7,1,1,0,120
2026-06-10T16:30:19.347258,24,5.3,103.6,9.6,1,1,0,120
2026-06-10T16:30:21.347121,24,5.4,103.8,9.7,1,1,0,120
2026-06-10T16:30:23.347257,24,5.4,103.9,9.6,1,1,0,120
2026-06-10T16:30:25.346315,24,5.4,104,9.7,1,1,0,120
2026-06-10T16:30:27.347104,24,5.4,104.1,9.7,1,1,0,120
2026-06-10T16:30:29.347125,24,5.4,104.2,9.7,1,1,0,120
2026-06-10T16:30:31.347206,24,5.4,104.4,9.6,1,1,0,120
2026-06-10T16:30:33.347130,24,5.4,104.5,9.6,1,1,0,120
2026-06-10T16:30:35.351455,24,5.4,104.6,9.6,1,1,0,120
2026-06-10T16:30:37.347084,24,5.4,104.7,9.6,1,1,0,120
2026-06-10T16:30:39.347146,24,5.4,104.9,9.6,1,1,0,120
2026-06-10T16:30:41.347064,24.1,5.5,105,9.6,1,1,0,120
2026-06-10T16:30:43.347421,24.1,5.4,105.1,9.6,1,1,0,120
2026-06-10T16:30:45.346687,24,5.4,105.2,9.6,1,1,0,120
2026-06-10T16:30:47.347390,24,5.5,105.3,9.5,1,1,0,120
2026-06-10T16:30:49.347715,24.1,5.4,105.5,9.6,1,1,0,120
2026-06-10T16:30:51.347425,24.1,5.4,105.6,9.6,1,1,0,120
2026-06-10T16:30:53.347407,24.1,5.4,105.7,9.6,1,1,0,120
2026-06-10T16:30:55.347443,24.1,5.5,105.8,9.6,1,1,0,120
2026-06-10T16:30:57.347488,24.1,5.5,105.9,9.5,1,1,0,120
2026-06-10T16:30:59.347412,24.1,5.5,106.1,9.5,1,1,0,120
2026-06-10T16:31:01.347444,24.1,5.5,106.2,9.5,1,1,0,120
2026-06-10T16:31:03.347470,24.1,5.5,106.3,9.5,1,1,0,120
2026-06-10T16:31:05.347204,24.1,5.5,106.4,9.6,1,1,0,120
2026-06-10T16:31:07.351929,24.1,5.5,106.6,9.5,1,1,0,120
2026-06-10T16:31:09.347592,24.1,5.5,106.7,9.5,1,1,0,120
2026-06-10T16:31:11.347584,24.1,5.5,106.8,9.5,1,1,0,120
2026-06-10T16:31:13.347492,24.1,5.5,106.9,9.5,1,1,0,120
2026-06-10T16:31:15.347306,24.1,5.5,107,9.6,1,1,0,120
2026-06-10T16:31:17.347593,24.1,5.6,107.2,9.4,1,1,0,120
2026-06-10T16:31:19.347748,24.1,5.6,107.3,9.6,1,1,0,120
2026-06-10T16:31:21.347627,24.1,5.6,107.4,9.5,1,1,0,120
2026-06-10T16:31:23.347950,24.1,5.6,107.5,9.5,1,1,0,120
2026-06-10T16:31:25.347845,24.1,5.6,107.6,9.5,1,1,0,120
2026-06-10T16:31:27.347642,24.1,5.5,107.7,9.5,1,1,0,120
2026-06-10T16:31:29.347775,24.1,5.5,107.9,9.5,1,1,0,120
2026-06-10T16:31:31.346830,24.1,5.6,108,9.4,1,1,0,120
2026-06-10T16:31:33.346969,24.1,5.6,108.1,9.4,1,1,0,120
2026-06-10T16:31:35.347562,24.1,5.6,108.2,9.5,1,1,0,120
2026-06-10T16:31:37.347621,24.1,5.6,108.3,9.4,1,1,0,120
2026-06-10T16:31:39.347691,24.1,5.6,108.4,9.5,1,1,0,120
2026-06-10T16:31:41.347566,24.1,5.6,108.6,9.4,1,1,0,120
2026-06-10T16:31:43.347612,24.1,5.6,108.7,9.4,1,1,0,120
2026-06-10T16:31:45.347587,24.1,5.6,108.8,9.5,1,1,0,120
2026-06-10T16:31:47.347686,24.1,5.6,108.9,9.4,1,1,0,120
2026-06-10T16:31:49.347363,24.1,5.6,109,9.4,1,1,0,120
2026-06-10T16:31:51.347631,24.1,5.6,109.1,9.4,1,1,0,120
2026-06-10T16:31:53.347631,24.1,5.6,109.2,9.4,1,1,0,120
2026-06-10T16:31:55.347581,24.1,5.7,109.3,9.5,1,1,0,120
2026-06-10T16:31:57.347666,24.2,5.7,109.4,9.3,1,1,0,120
2026-06-10T16:31:59.347545,24.2,5.7,109.6,9.4,1,1,0,120
2026-06-10T16:32:01.347822,24.2,5.6,109.7,9.4,1,1,0,120
2026-06-10T16:32:03.347826,24.2,5.6,109.8,9.3,1,1,0,120
2026-06-10T16:32:05.347594,24.2,5.7,109.9,9.3,1,1,0,120
2026-06-10T16:32:07.347389,24.2,5.7,110,9.3,1,1,0,120
2026-06-10T16:32:09.347797,24.2,5.7,110.1,9.3,1,1,0,120
2026-06-10T16:32:11.347782,24.2,5.7,110.2,9.4,1,1,0,120
2026-06-10T16:32:13.347730,24.2,5.7,110.3,9.4,1,1,0,120
2026-06-10T16:32:15.347547,24.2,5.8,110.4,9.4,1,1,0,120
2026-06-10T16:32:17.347808,24.2,5.7,110.5,9.3,1,1,0,120
2026-06-10T16:32:19.347770,24.2,5.8,110.6,9.3,1,1,0,120
2026-06-10T16:32:21.347626,24.2,5.7,110.7,9.2,1,1,0,120
2026-06-10T16:32:23.347642,24.2,5.7,110.8,9.3,1,1,0,120
2026-06-10T16:32:25.347890,24.2,5.7,110.9,9.2,1,1,0,120
2026-06-10T16:32:27.347365,24.2,5.8,111,9.2,1,1,0,120
2026-06-10T16:32:29.347803,24.2,5.8,111.1,9.2,1,1,0,120
2026-06-10T16:32:31.347729,24.2,5.8,111.2,9.3,1,1,0,120
2026-06-10T16:32:33.347653,24.2,5.8,111.3,9.2,1,1,0,120
2026-06-10T16:32:35.347803,24.2,5.7,111.4,9.2,1,1,0,120
2026-06-10T16:32:37.347824,24.2,5.8,111.5,9.2,1,1,0,120
2026-06-10T16:32:39.347700,24.2,5.8,111.6,9.2,1,1,0,120
2026-06-10T16:32:41.347720,24.2,5.8,111.7,9.1,1,1,0,120
2026-06-10T16:32:43.347484,24.2,5.8,111.8,9.2,1,1,0,120
2026-06-10T16:32:45.347608,24.2,5.8,111.9,9.1,1,1,0,120
2026-06-10T16:32:47.347473,24.2,5.8,112,9.2,1,1,0,120
2026-06-10T16:32:49.352793,24.2,5.8,112.1,9.2,1,1,0,120
2026-06-10T16:32:51.347818,24.2,5.8,112.2,9.1,1,1,0,120
2026-06-10T16:32:53.347656,24.2,5.8,112.3,9.1,1,1,0,120
2026-06-10T16:32:55.347762,24.2,5.8,112.4,9.1,1,1,0,120
2026-06-10T16:32:57.347129,24.2,5.9,112.5,9.1,1,1,0,120
2026-06-10T16:32:59.347845,24.2,5.9,112.6,9.1,1,1,0,120
2026-06-10T16:33:01.347788,24.2,5.9,112.7,9.1,1,1,0,120
2026-06-10T16:33:03.351691,24.3,5.9,112.8,9.1,1,1,0,120
2026-06-10T16:33:05.347934,24.2,5.9,112.9,9.1,1,1,0,120
2026-06-10T16:33:07.346582,24.2,5.9,113,9.1,1,1,0,120
2026-06-10T16:33:09.347931,24.3,5.9,113.1,9.1,1,1,0,120
2026-06-10T16:33:11.347719,24.3,5.9,113.2,9,1,1,0,120
2026-06-10T16:33:13.347637,24.3,5.9,113.3,9,1,1,0,120
2026-06-10T16:33:15.346836,24.3,5.9,113.4,9,1,1,0,120
2026-06-10T16:33:17.346902,24.3,5.9,113.5,9,1,1,0,120
2026-06-10T16:33:19.347077,24.3,5.9,113.6,9,1,1,0,120
2026-06-10T16:33:21.350947,24.3,5.9,113.7,9,1,1,0,120
2026-06-10T16:33:23.351661,24.3,5.9,113.8,9,1,1,0,120
2026-06-10T16:33:25.347224,24.3,6,113.9,8.9,1,1,0,120
2026-06-10T16:33:27.347115,24.3,5.9,114,9,1,1,0,120
2026-06-10T16:33:29.347204,24.3,6,114.1,8.9,1,1,0,120
2026-06-10T16:33:31.347209,24.3,6,114.2,8.9,1,1,0,120
2026-06-10T16:33:33.347535,24.3,6,114.3,8.9,1,1,0,120
2026-06-10T16:33:35.347223,24.3,6,114.4,8.9,1,1,0,120
2026-06-10T16:33:37.347303,24.3,5.9,114.5,8.9,1,1,0,120
2026-06-10T16:33:39.352445,24.3,6,114.6,8.9,1,1,0,120
2026-06-10T16:33:41.353715,24.3,6,114.7,8.9,1,1,0,120
2026-06-10T16:33:43.347466,24.3,6,114.8,8.9,1,1,0,120
2026-06-10T16:33:45.347816,24.3,6,114.9,8.9,1,1,0,120
2026-06-10T16:33:47.347021,24.3,6,115,8.9,1,1,0,120
2026-06-10T16:33:49.347814,24.3,6,115.1,8.9,1,1,0,120
2026-06-10T16:33:51.347751,24.3,6,115.2,8.8,1,1,0,120
2026-06-10T16:33:53.347342,24.3,6,115.3,8.8,1,1,0,120
2026-06-10T16:33:55.350030,24.3,6,115.4,8.8,1,1,0,120
2026-06-10T16:33:57.350625,24.3,6,115.4,8.8,1,1,0,120
2026-06-10T16:33:59.347969,24.3,6.1,115.5,8.8,1,1,0,120
2026-06-10T16:34:01.347849,24.3,6.1,115.6,8.8,1,1,0,120
2026-06-10T16:34:03.348114,24.3,6.1,115.7,8.8,1,1,0,120
2026-06-10T16:34:05.348068,24.3,6.1,115.8,8.8,1,1,0,120
2026-06-10T16:34:07.347762,24.4,6.1,115.9,8.8,1,1,0,120
2026-06-10T16:34:09.347384,24.4,6,116,8.8,1,1,0,120
2026-06-10T16:34:11.347898,24.3,6.1,116.1,8.8,1,1,0,120
2026-06-10T16:34:13.347985,24.4,6.1,116.2,8.8,1,1,0,120
2026-06-10T16:34:15.347885,24.4,6.1,116.3,8.8,1,1,0,120
2026-06-10T16:34:17.347876,24.4,6.1,116.4,8.7,1,1,0,120
2026-06-10T16:34:19.352495,24.4,6.1,116.4,8.7,1,1,0,120
2026-06-10T16:34:21.348037,24.3,6.1,116.5,8.8,1,1,0,120
2026-06-10T16:34:23.347412,24.4,6.1,116.6,8.8,1,1,0,120
2026-06-10T16:34:25.348030,24.4,6.1,116.7,8.7,1,1,0,120
2026-06-10T16:34:27.347558,24.4,6.2,116.8,8.7,1,1,0,120
2026-06-10T16:34:29.347908,24.4,6.2,116.9,8.7,1,1,0,120
2026-06-10T16:34:31.347297,24.4,6.1,117,8.7,1,1,0,120
2026-06-10T16:34:33.351505,24.4,6.2,117.1,8.8,1,1,0,120
2026-06-10T16:34:35.352897,24.4,6.2,117.2,8.6,1,1,0,120
2026-06-10T16:34:37.354015,24.4,6.2,117.2,8.7,1,1,0,120
2026-06-10T16:34:39.348059,24.4,6.1,117.3,8.6,1,1,0,120
2026-06-10T16:34:41.350780,24.4,6.2,117.4,8.7,1,1,0,120
2026-06-10T16:34:43.347800,24.4,6.2,117.5,8.7,1,1,0,120
2026-06-10T16:34:45.347780,24.4,6.2,117.6,8.7,1,1,0,120
2026-06-10T16:34:47.347460,24.4,6.2,117.7,8.7,1,1,0,120
2026-06-10T16:34:49.351592,24.4,6.2,117.8,8.7,1,1,0,120
2026-06-10T16:34:51.347598,24.4,6.2,117.9,8.6,1,1,0,120
2026-06-10T16:34:53.347581,24.4,6.2,117.9,8.6,1,1,0,120
2026-06-10T16:34:55.353333,24.5,6.2,118,8.6,1,1,0,120
2026-06-10T16:34:57.354634,24.4,6.2,118.1,8.6,1,1,0,120
2026-06-10T16:34:59.347718,24.4,6.2,118.2,8.6,1,1,0,120
2026-06-10T16:35:01.347501,24.4,6.3,118.3,8.6,1,1,0,120
2026-06-10T16:35:03.347870,24.4,6.3,118.4,8.6,1,1,0,120
2026-06-10T16:35:05.347894,24.5,6.2,118.5,8.6,1,1,0,120
2026-06-10T16:35:07.347486,24.5,6.3,118.6,8.5,1,1,0,120
2026-06-10T16:35:09.347983,24.5,6.3,118.7,8.6,1,1,0,120
2026-06-10T16:35:11.355002,24.5,6.2,118.7,8.5,1,1,0,120
2026-06-10T16:35:13.347521,24.5,6.3,118.8,8.6,1,1,0,120
2026-06-10T16:35:15.348015,24.5,6.3,118.9,8.5,1,1,0,120
2026-06-10T16:35:17.347326,24.5,6.3,119,8.5,1,1,0,120
2026-06-10T16:35:19.348064,24.5,6.3,119.1,8.5,1,1,0,120
2026-06-10T16:35:21.348131,24.5,6.3,119.2,8.5,1,1,0,120
2026-06-10T16:35:23.347966,24.5,6.3,119.2,8.5,1,1,0,120
2026-06-10T16:35:25.348130,24.5,6.3,119.3,8.6,1,1,0,120
2026-06-10T16:35:27.348159,24.5,6.3,119.4,8.5,1,1,0,120
2026-06-10T16:35:29.348254,24.5,6.3,119.5,8.5,1,1,0,120
2026-06-10T16:35:31.347565,24.5,6.3,119.6,8.4,1,1,0,120
2026-06-10T16:35:33.348261,24.5,6.3,119.7,8.4,1,1,0,120
2026-06-10T16:35:35.348309,24.5,6.4,119.7,8.5,1,1,0,120
2026-06-10T16:35:37.348610,24.5,6.3,119.8,8.5,1,1,0,120
2026-06-10T16:35:39.348488,24.5,6.4,119.9,8.5,1,1,0,120
2026-06-10T16:35:41.348212,24.6,6.4,120,8.4,1,1,0,120
2026-06-10T16:35:43.348538,24.5,6.4,120.1,8.5,0,1,0,120
2026-06-10T16:35:45.347771,24.5,6.4,120.2,8.5,0,1,0,120
2026-06-10T16:35:47.348541,24.6,6.4,120.2,8.3,0,1,0,120
2026-06-10T16:35:49.348692,24.6,6.4,120.3,8.4,0,1,0,120
2026-06-10T16:35:51.348431,24.6,6.4,120.4,8.4,0,1,0,120
2026-06-10T16:35:53.348782,24.6,6.4,120.5,8.4,0,1,0,120
2026-06-10T16:35:55.348509,24.6,6.4,120.6,8.3,0,1,0,120
2026-06-10T16:35:57.348551,24.6,6.4,120.6,8.4,0,1,0,120
2026-06-10T16:35:59.348478,24.6,6.4,120.7,8.3,0,1,0,120
2026-06-10T16:36:01.348726,24.6,6.4,120.8,8.4,0,1,0,120
2026-06-10T16:36:03.348442,24.6,6.4,120.8,8.4,0,1,0,120
2026-06-10T16:36:05.347875,24.6,6.5,120.8,8.4,0,1,0,120
2026-06-10T16:36:07.349341,24.6,6.4,120.9,8.3,0,1,0,120
2026-06-10T16:36:09.352739,24.6,6.5,120.9,8.4,0,1,0,120
2026-06-10T16:36:11.355026,24.6,6.5,121,8.2,0,1,0,120
2026-06-10T16:36:13.347605,24.6,6.5,121,8.3,0,1,0,120
2026-06-10T16:36:15.347759,24.6,6.5,121,8.3,0,1,0,120
2026-06-10T16:36:17.348345,24.6,6.5,121,8.3,0,1,0,120
2026-06-10T16:36:19.348637,24.6,6.5,121.1,8.3,0,1,0,120
2026-06-10T16:36:21.348807,24.6,6.5,121.1,8.3,0,1,0,120
2026-06-10T16:36:23.348596,24.6,6.5,121.1,8.3,0,1,0,120
2026-06-10T16:36:25.348647,24.6,6.5,121.1,8.3,0,1,0,120
2026-06-10T16:36:27.348447,24.6,6.5,121.1,8.2,0,1,0,120
2026-06-10T16:36:29.348678,24.6,6.5,121.1,8.2,0,1,0,120
2026-06-10T16:36:31.348528,24.6,6.5,121.1,8.2,0,1,0,120
2026-06-10T16:36:33.348121,24.6,6.5,121,8.2,0,1,0,120
2026-06-10T16:36:35.347839,24.6,6.5,121,8.2,0,1,0,120
2026-06-10T16:36:37.348084,24.6,6.6,121,8.3,0,1,0,120
2026-06-10T16:36:39.347927,24.7,6.6,120.9,8.2,0,1,0,120
2026-06-10T16:36:41.348590,24.7,6.6,120.9,8.2,0,1,0,120
2026-06-10T16:36:43.348323,24.6,6.5,120.9,8.2,0,1,0,120
2026-06-10T16:36:45.348821,24.7,6.6,120.8,8.3,0,1,0,120
2026-06-10T16:36:47.348737,24.7,6.6,120.8,8.2,0,1,0,120
2026-06-10T16:36:49.348529,24.7,6.6,120.7,8.2,0,1,0,120
2026-06-10T16:36:51.348561,24.7,6.6,120.6,8.2,0,1,0,120
2026-06-10T16:36:53.348577,24.7,6.6,120.6,8.2,0,1,0,120
2026-06-10T16:36:55.353141,24.7,6.6,120.5,8.2,0,1,0,120
2026-06-10T16:36:57.348587,24.7,6.6,120.4,8.2,0,1,0,120
2026-06-10T16:36:59.352911,24.7,6.6,120.3,8.2,0,1,0,120
2026-06-10T16:37:01.348018,24.7,6.6,120.3,8.1,0,1,0,120
2026-06-10T16:37:03.348764,24.7,6.6,120.2,8.2,0,1,0,120
2026-06-10T16:37:05.348011,24.7,6.6,120.1,8.2,0,1,0,120
2026-06-10T16:37:07.348151,24.7,6.6,120,8.2,0,1,0,120
2026-06-10T16:37:09.348540,24.7,6.6,119.9,8.2,0,1,0,120
2026-06-10T16:37:11.348660,24.7,6.6,119.8,8.2,0,1,0,120
2026-06-10T16:37:13.348499,24.7,6.7,119.7,8.2,0,1,0,120
2026-06-10T16:37:15.348550,24.7,6.6,119.6,8.2,0,1,0,120
2026-06-10T16:37:17.348520,24.7,6.6,119.5,8.2,1,1,0,120
2026-06-10T16:37:19.348375,24.7,6.7,119.4,8.2,1,1,0,120
2026-06-10T16:37:21.348221,24.7,6.6,119.2,8.1,1,1,0,120
2026-06-10T16:37:23.348531,24.7,6.6,119.1,8.1,1,1,0,120
2026-06-10T16:37:25.352269,24.7,6.7,119,8.2,1,1,0,120
2026-06-10T16:37:27.348389,24.7,6.7,118.9,8.2,1,1,0,120
2026-06-10T16:37:29.348074,24.7,6.7,118.8,8.1,1,1,0,120
2026-06-10T16:37:31.348556,24.7,6.7,118.6,8.2,1,1,0,120
2026-06-10T16:37:33.348492,24.7,6.7,118.5,8.1,1,1,0,120
2026-06-10T16:37:35.348660,24.7,6.7,118.4,8.2,1,1,0,120
2026-06-10T16:37:37.348494,24.7,6.7,118.3,8.1,1,1,0,120
2026-06-10T16:37:39.348411,24.7,6.7,118.2,8.1,1,1,0,120
2026-06-10T16:37:41.352809,24.7,6.8,118.1,8,1,1,0,120
2026-06-10T16:37:43.348253,24.7,6.7,118,8.1,1,1,0,120
2026-06-10T16:37:45.348600,24.7,6.8,117.9,8.2,1,1,0,120
2026-06-10T16:37:47.348505,24.7,6.7,117.8,8.1,1,1,0,120
2026-06-10T16:37:49.348501,24.7,6.8,117.7,8.1,1,1,0,120
2026-06-10T16:37:51.348521,24.7,6.8,117.6,8.1,1,1,0,120
2026-06-10T16:37:53.348488,24.7,6.8,117.6,8.1,1,1,0,120
2026-06-10T16:37:55.348516,24.7,6.8,117.4,8.1,1,1,0,120
2026-06-10T16:37:57.348478,24.7,6.7,117.4,8.2,1,1,0,120
2026-06-10T16:37:59.348493,24.7,6.8,117.3,8.1,1,1,0,120
2026-06-10T16:38:01.348064,24.7,6.8,117.2,8.1,1,1,0,120
2026-06-10T16:38:03.348691,24.7,6.8,117.1,8.1,1,1,0,120
2026-06-10T16:38:05.348640,24.7,6.8,117.1,8.1,1,1,0,120
2026-06-10T16:38:07.348257,24.7,6.8,117,8.2,1,1,0,120
2026-06-10T16:38:09.348349,24.7,6.8,117,8.1,1,1,0,120
2026-06-10T16:38:11.348557,24.7,6.8,116.9,8.2,1,1,0,120
2026-06-10T16:38:13.348549,24.7,6.8,116.8,8.1,1,1,0,120
2026-06-10T16:38:15.348658,24.7,6.8,116.8,8.1,1,1,0,120
2026-06-10T16:38:17.348781,24.7,6.9,116.8,8.1,1,1,0,120
2026-06-10T16:38:19.348574,24.7,6.8,116.7,8.1,1,1,0,120
2026-06-10T16:38:21.348719,24.7,6.9,116.7,8.1,1,1,0,120
2026-06-10T16:38:23.348587,24.7,6.8,116.7,8.1,1,1,0,120
2026-06-10T16:38:25.348632,24.8,6.8,116.6,8.1,1,1,0,120
2026-06-10T16:38:27.348741,24.7,6.8,116.6,8.1,1,1,0,120
2026-06-10T16:38:29.348595,24.7,6.9,116.6,8.1,1,1,0,120
2026-06-10T16:38:31.348560,24.7,6.9,116.5,8.1,1,1,0,120
2026-06-10T16:38:33.348548,24.7,6.9,116.5,8.1,1,1,0,120
2026-06-10T16:38:35.348644,24.7,6.9,116.5,8.2,1,1,0,120
2026-06-10T16:38:37.348654,24.7,6.9,116.5,8.1,1,1,0,120
2026-06-10T16:38:39.348709,24.7,6.9,116.5,8.1,1,1,0,120
2026-06-10T16:38:41.348645,24.7,6.9,116.5,8.1,1,1,0,120
2026-06-10T16:38:43.348373,24.7,6.9,116.5,8,1,1,0,120
2026-06-10T16:38:45.348639,24.7,6.9,116.5,8.1,1,1,0,120
2026-06-10T16:38:47.348770,24.7,6.9,116.5,8.1,1,1,0,120
2026-06-10T16:38:49.348670,24.7,6.9,116.5,8.1,1,1,0,120
2026-06-10T16:38:51.348483,24.7,7,116.5,8.1,1,1,0,120
2026-06-10T16:38:53.348417,24.7,7,116.5,8.1,1,1,0,120
2026-06-10T16:38:55.353044,24.7,6.9,116.5,8.1,1,1,0,120
2026-06-10T16:38:57.348035,24.7,7,116.5,8,1,1,0,120
2026-06-10T16:38:59.348402,24.7,7,116.5,8.1,1,1,0,120
2026-06-10T16:39:01.348637,24.7,6.9,116.6,8.1,1,1,0,120
2026-06-10T16:39:03.348006,24.7,7,116.6,8,1,1,0,120
2026-06-10T16:39:05.348034,24.7,7,116.6,8,1,1,0,120
2026-06-10T16:39:07.347515,24.7,7,116.6,8,1,1,0,120
2026-06-10T16:39:09.348139,24.7,7,116.7,8,1,1,0,120
2026-06-10T16:39:11.348540,24.7,7,116.7,8.1,1,1,0,120
2026-06-10T16:39:13.348107,24.7,7,116.7,8,1,1,0,120
2026-06-10T16:39:15.348074,24.7,7,116.8,8,1,1,0,120
2026-06-10T16:39:17.348087,24.7,7,116.8,8,1,1,0,120
2026-06-10T16:39:19.348740,24.7,7.1,116.8,8.1,1,1,0,120
2026-06-10T16:39:21.348450,24.7,7,116.9,8.1,1,1,0,120
2026-06-10T16:39:23.348459,24.7,7.1,116.9,8,1,1,0,120
2026-06-10T16:39:25.348589,24.7,7.1,116.9,8,1,1,0,120
2026-06-10T16:39:27.348079,24.7,7.1,117,8,1,1,0,120
2026-06-10T16:39:29.348617,24.7,7.1,117,8.1,1,1,0,120
2026-06-10T16:39:31.348458,24.7,7.1,117.1,8,1,1,0,120
2026-06-10T16:39:33.348448,24.7,7.1,117.1,8,1,1,0,120
2026-06-10T16:39:35.348432,24.7,7.1,117.2,8,1,1,0,120
2026-06-10T16:39:37.347911,24.7,7.1,117.2,8,1,1,0,120
2026-06-10T16:39:39.348727,24.7,7.1,117.3,7.9,1,1,0,120
2026-06-10T16:39:41.348723,24.7,7.1,117.3,8,1,1,0,120
2026-06-10T16:39:43.348747,24.7,7.1,117.4,7.9,1,1,0,120
2026-06-10T16:39:45.348835,24.7,7.1,117.4,7.9,1,1,0,120
2026-06-10T16:39:47.348535,24.6,7.1,117.5,8,1,1,0,120
2026-06-10T16:39:49.348887,24.7,7.1,117.5,7.9,1,1,0,120
2026-06-10T16:39:51.348615,24.6,7.1,117.6,8,1,1,0,120
2026-06-10T16:39:53.348849,24.6,7.1,117.6,7.9,1,1,0,120
2026-06-10T16:39:55.348726,24.6,7.1,117.7,7.9,1,1,0,120
2026-06-10T16:39:57.348798,24.6,7.1,117.8,7.9,1,1,0,120
2026-06-10T16:39:59.348009,24.6,7.2,117.8,8,1,1,0,120
2026-06-10T16:40:01.348806,24.6,7.2,117.9,7.9,1,1,0,120
2026-06-10T16:40:03.348513,24.6,7.2,118,7.9,1,1,0,120
2026-06-10T16:40:05.348655,24.6,7.1,118,7.9,1,1,0,120
2026-06-10T16:40:07.348818,24.6,7.2,118.1,7.9,1,1,0,120
2026-06-10T16:40:09.348827,24.6,7.2,118.1,7.9,1,1,0,120
2026-06-10T16:40:11.348859,24.6,7.2,118.2,7.9,1,1,0,120
2026-06-10T16:40:13.348857,24.6,7.2,118.2,7.9,1,1,0,120
2026-06-10T16:40:15.347880,24.6,7.2,118.3,7.9,1,1,0,120
2026-06-10T16:40:17.354351,24.6,7.2,118.4,7.9,1,1,0,120
2026-06-10T16:40:19.348854,24.6,7.2,118.5,7.8,1,1,0,120
2026-06-10T16:40:21.348852,24.6,7.2,118.5,7.9,1,1,0,120
2026-06-10T16:40:23.348842,24.6,7.2,118.6,7.8,1,1,0,120
2026-06-10T16:40:25.348918,24.6,7.3,118.7,7.8,1,1,0,120
2026-06-10T16:40:27.348867,24.6,7.3,118.7,7.9,1,1,0,120
2026-06-10T16:40:29.348879,24.6,7.3,118.8,7.9,1,1,0,120
2026-06-10T16:40:31.348896,24.6,7.3,118.9,7.9,1,1,0,120
2026-06-10T16:40:33.349081,24.6,7.3,118.9,7.9,1,1,0,120
2026-06-10T16:40:35.348732,24.6,7.3,119,7.8,1,1,0,120
2026-06-10T16:40:37.352431,24.6,7.3,119.1,7.8,1,1,0,120
2026-06-10T16:40:39.348824,24.6,7.3,119.2,7.8,1,1,0,120
2026-06-10T16:40:41.348415,24.6,7.3,119.2,7.8,1,1,0,120
2026-06-10T16:40:43.353262,24.6,7.3,119.3,7.8,1,1,0,120
2026-06-10T16:40:45.352910,24.6,7.3,119.3,7.8,1,1,0,120
2026-06-10T16:40:47.353222,24.6,7.3,119.4,7.8,1,1,0,120
2026-06-10T16:40:49.352983,24.6,7.3,119.5,7.9,1,1,0,120
2026-06-10T16:40:51.348888,24.6,7.3,119.6,7.8,1,1,0,120
2026-06-10T16:40:53.348432,24.6,7.3,119.6,7.8,1,1,0,120
2026-06-10T16:40:55.348512,24.6,7.3,119.7,7.8,1,1,0,120
2026-06-10T16:40:57.349046,24.6,7.3,119.8,7.7,1,1,0,120
2026-06-10T16:40:59.349072,24.6,7.3,119.9,7.8,1,1,0,120
2026-06-10T16:41:01.348935,24.6,7.4,119.9,7.7,1,1,0,120
2026-06-10T16:41:03.352656,24.6,7.4,120,7.8,1,1,0,120
2026-06-10T16:41:05.348964,24.6,7.3,120.1,7.7,0,1,0,120
2026-06-10T16:41:07.352407,24.6,7.4,120.1,7.8,0,1,0,120
2026-06-10T16:41:09.349334,24.6,7.4,120.2,7.7,0,1,0,120
2026-06-10T16:41:11.349288,24.6,7.4,120.3,7.7,0,1,0,120
2026-06-10T16:41:13.349324,24.6,7.4,120.4,7.7,0,1,0,120
2026-06-10T16:41:15.348718,24.6,7.4,120.5,7.7,0,1,0,120
2026-06-10T16:41:17.353907,24.6,7.4,120.5,7.7,0,1,0,120
2026-06-10T16:41:19.349128,24.6,7.4,120.6,7.7,0,1,0,120
2026-06-10T16:41:21.349350,24.6,7.4,120.6,7.7,0,1,0,120
2026-06-10T16:41:23.348802,24.6,7.4,120.7,7.7,0,1,0,120
2026-06-10T16:41:25.349174,24.6,7.4,120.7,7.6,0,1,0,120
2026-06-10T16:41:27.349160,24.6,7.4,120.8,7.7,0,1,0,120
2026-06-10T16:41:29.349161,24.6,7.4,120.8,7.7,0,1,0,120
2026-06-10T16:41:31.349110,24.6,7.4,120.9,7.7,0,1,0,120
2026-06-10T16:41:33.349117,24.6,7.5,120.9,7.6,0,1,0,120
2026-06-10T16:41:35.348707,24.6,7.5,121,7.7,0,1,0,120
2026-06-10T16:41:37.348139,24.6,7.5,121,7.6,0,1,0,120
2026-06-10T16:41:39.348281,24.6,7.5,121,7.6,0,1,0,120
2026-06-10T16:41:41.349085,24.6,7.5,121,7.6,0,1,0,120
2026-06-10T16:41:43.348767,24.6,7.5,121,7.6,0,1,0,120
2026-06-10T16:41:45.349024,24.6,7.5,121,7.6,0,1,0,120
2026-06-10T16:41:47.348913,24.6,7.5,121,7.6,0,1,0,120
2026-06-10T16:41:49.348968,24.5,7.5,120.9,7.6,0,1,0,120
2026-06-10T16:41:51.349418,24.6,7.5,120.9,7.6,0,1,0,120
2026-06-10T16:41:53.348759,24.6,7.5,120.9,7.6,0,1,0,120
2026-06-10T16:41:55.352592,24.6,7.5,120.8,7.6,0,1,0,120
2026-06-10T16:41:57.349576,24.6,7.5,120.8,7.5,0,1,0,120
2026-06-10T16:41:59.349558,24.6,7.5,120.7,7.6,0,1,0,120
2026-06-10T16:42:01.349352,24.6,7.6,120.7,7.6,0,1,0,120
2026-06-10T16:42:03.352962,24.6,7.5,120.7,7.5,0,1,0,120
2026-06-10T16:42:05.349404,24.6,7.6,120.6,7.6,0,1,0,120
2026-06-10T16:42:07.351932,24.6,7.5,120.5,7.6,0,1,0,120
2026-06-10T16:42:09.352844,24.6,7.5,120.5,7.6,0,1,0,120
2026-06-10T16:42:11.360716,24.6,7.5,120.4,7.6,0,1,0,120
2026-06-10T16:42:13.353854,24.6,7.6,120.3,7.5,0,1,0,120
2026-06-10T16:42:15.354349,24.6,7.6,120.3,7.6,0,1,0,120
2026-06-10T16:42:17.353863,24.6,7.5,120.2,7.6,0,1,0,120
2026-06-10T16:42:19.353239,24.6,7.6,120.1,7.5,0,1,0,120
2026-06-10T16:42:21.353079,24.6,7.6,120,7.6,0,1,0,120
2026-06-10T16:42:23.353612,24.6,7.6,119.9,7.6,0,1,0,120
2026-06-10T16:42:25.353240,24.6,7.6,119.8,7.6,0,1,0,120
2026-06-10T16:42:27.348868,24.6,7.6,119.7,7.5,0,1,0,120
2026-06-10T16:42:29.349345,24.6,7.6,119.6,7.5,0,1,0,120
2026-06-10T16:42:31.352980,24.6,7.6,119.5,7.6,0,1,0,120
2026-06-10T16:42:33.349043,24.6,7.6,119.4,7.5,1,1,0,120
2026-06-10T16:42:35.348933,24.6,7.6,119.3,7.6,1,1,0,120
2026-06-10T16:42:37.349261,24.6,7.6,119.2,7.5,1,1,0,120
2026-06-10T16:42:39.349696,24.6,7.6,119.1,7.5,1,1,0,120
2026-06-10T16:42:41.349133,24.6,7.7,118.9,7.5,1,1,0,120
2026-06-10T16:42:43.349231,24.6,7.7,118.9,7.5,1,1,0,120
2026-06-10T16:42:45.349106,24.6,7.6,118.7,7.5,1,1,0,120
2026-06-10T16:42:47.349386,24.6,7.6,118.6,7.6,1,1,0,120
2026-06-10T16:42:49.349079,24.6,7.6,118.5,7.6,1,1,0,120
2026-06-10T16:42:51.349151,24.6,7.6,118.4,7.5,1,1,0,120
2026-06-10T16:42:53.349438,24.6,7.6,118.3,7.6,1,1,0,120
2026-06-10T16:42:55.349365,24.6,7.7,118.2,7.5,1,1,0,120
2026-06-10T16:42:57.349138,24.6,7.7,118,7.6,1,1,0,120
2026-06-10T16:42:59.349359,24.6,7.7,117.9,7.6,1,1,0,120
2026-06-10T16:43:01.348582,24.6,7.7,117.8,7.5,1,1,0,120
2026-06-10T16:43:03.349223,24.6,7.7,117.8,7.5,1,1,0,120
2026-06-10T16:43:05.349005,24.6,7.7,117.7,7.5,1,1,0,120
2026-06-10T16:43:07.349452,24.6,7.7,117.6,7.6,1,1,0,120
2026-06-10T16:43:09.349181,24.6,7.6,117.5,7.5,1,1,0,120
2026-06-10T16:43:11.353580,24.6,7.7,117.4,7.5,1,1,0,120
2026-06-10T16:43:13.348770,24.6,7.7,117.3,7.5,1,1,0,120
2026-06-10T16:43:15.349360,24.6,7.7,117.2,7.5,1,1,0,120
2026-06-10T16:43:17.349372,24.6,7.7,117.1,7.5,1,1,0,120
2026-06-10T16:43:19.349363,24.6,7.7,117.1,7.5,1,1,0,120
2026-06-10T16:43:21.349128,24.6,7.7,117,7.5,1,1,0,120
2026-06-10T16:43:23.349279,24.6,7.7,116.9,7.5,1,1,0,120
2026-06-10T16:43:25.349364,24.6,7.7,116.9,7.5,1,1,0,120
2026-06-10T16:43:27.349396,24.6,7.7,116.8,7.5,1,1,0,120
2026-06-10T16:43:29.349448,24.6,7.7,116.8,7.5,1,1,0,120
2026-06-10T16:43:31.354115,24.6,7.8,116.7,7.5,1,1,0,120
2026-06-10T16:43:33.348780,24.6,7.8,116.7,7.5,1,1,0,120
2026-06-10T16:43:35.348836,24.6,7.8,116.6,7.5,1,1,0,120
2026-06-10T16:43:37.349363,24.6,7.7,116.6,7.5,1,1,0,120
2026-06-10T16:43:39.349303,24.6,7.8,116.5,7.5,1,1,0,120
2026-06-10T16:43:41.349393,24.6,7.8,116.5,7.5,1,1,0,120
2026-06-10T16:43:43.349339,24.6,7.8,116.5,7.5,1,1,0,120
2026-06-10T16:43:45.349408,24.6,7.8,116.4,7.6,1,1,0,120
2026-06-10T16:43:47.354019,24.6,7.8,116.4,7.5,1,1,0,120
2026-06-10T16:43:49.354167,24.6,7.8,116.4,7.5,1,1,0,120
2026-06-10T16:43:51.349475,24.6,7.8,116.4,7.5,1,1,0,120
2026-06-10T16:43:53.349381,24.6,7.8,116.4,7.5,1,1,0,120
2026-06-10T16:43:55.349411,24.6,7.8,116.4,7.5,1,1,0,120
2026-06-10T16:43:57.354535,24.6,7.8,116.4,7.5,1,1,0,120
2026-06-10T16:43:59.348506,24.6,7.8,116.4,7.5,1,1,0,120
2026-06-10T16:44:01.349486,24.6,7.9,116.3,7.5,1,1,0,120
2026-06-10T16:44:03.349398,24.6,7.8,116.4,7.5,1,1,0,120
2026-06-10T16:44:05.355138,24.6,7.8,116.3,7.4,1,1,0,120
2026-06-10T16:44:07.354921,24.6,7.9,116.4,7.5,1,1,0,120
2026-06-10T16:44:09.349457,24.6,7.9,116.4,7.5,1,1,0,120
2026-06-10T16:44:11.353998,24.6,7.8,116.4,7.4,1,1,0,120
2026-06-10T16:44:13.354040,24.6,7.9,116.4,7.4,1,1,0,120
2026-06-10T16:44:15.349212,24.6,7.9,116.4,7.5,1,1,0,120
2026-06-10T16:44:17.354086,24.6,7.9,116.4,7.4,1,1,0,120
2026-06-10T16:44:19.349519,24.6,7.9,116.5,7.4,1,1,0,120
2026-06-10T16:44:21.349450,24.6,7.9,116.5,7.4,1,1,0,120
2026-06-10T16:44:23.349409,24.6,7.9,116.5,7.5,1,1,0,120
2026-06-10T16:44:25.349547,24.6,7.9,116.5,7.4,1,1,0,120
2026-06-10T16:44:27.349355,24.6,7.9,116.6,7.4,1,1,0,120
2026-06-10T16:44:29.354531,24.6,7.9,116.6,7.5,1,1,0,120
2026-06-10T16:44:31.354507,24.6,7.9,116.6,7.4,1,1,0,120
2026-06-10T16:44:33.349507,24.6,7.9,116.7,7.5,1,1,0,120
2026-06-10T16:44:35.349686,24.6,7.9,116.7,7.4,1,1,0,120
2026-06-10T16:44:37.349536,24.6,7.9,116.7,7.4,1,1,0,120
2026-06-10T16:44:39.349094,24.6,7.8,116.7,7.4,1,1,0,120
2026-06-10T16:44:41.349318,24.5,7.8,116.6,7.4,1,1,0,120
2026-06-10T16:44:43.349448,24.5,7.8,116.5,7.3,1,1,0,120
2026-06-10T16:44:45.349007,24.5,7.7,116.4,7.4,1,1,0,120
2026-06-10T16:44:47.354464,24.4,7.7,116.3,7.4,1,1,0,120
2026-06-10T16:44:49.354320,24.4,7.8,116.3,7.4,1,1,0,120
2026-06-10T16:44:51.349384,24.4,7.7,116.2,7.3,1,1,0,120
2026-06-10T16:44:53.349300,24.4,7.8,116.1,7.4,1,1,0,120
2026-06-10T16:44:55.355644,24.4,7.8,116,7.4,1,1,0,120
2026-06-10T16:44:57.351016,24.4,7.8,115.9,7.4,1,1,0,120
2026-06-10T16:44:59.356422,24.3,7.8,115.8,7.4,1,1,0,120
2026-06-10T16:45:01.356451,24.3,7.8,115.8,7.3,1,1,0,120
2026-06-10T16:45:03.355103,24.3,7.9,115.7,7.3,1,1,0,120
2026-06-10T16:45:05.349699,24.3,7.9,115.6,7.3,1,1,0,120
2026-06-10T16:45:07.349676,24.3,7.9,115.5,7.3,1,1,0,120
2026-06-10T16:45:09.350033,24.2,7.9,115.4,7.3,1,1,0,120
2026-06-10T16:45:11.349184,24.2,8,115.3,7.4,1,1,0,120
2026-06-10T16:45:13.357143,24.2,8,115.2,7.3,1,1,0,120
2026-06-10T16:45:15.355758,24.2,8,115.1,7.3,1,1,0,120
2026-06-10T16:45:17.349234,24.2,8.1,115,7.3,1,1,0,120
2026-06-10T16:45:19.349149,24.2,8,114.9,7.3,1,1,0,120
2026-06-10T16:45:21.353007,24.2,8.1,114.8,7.3,1,1,0,120
2026-06-10T16:45:23.354380,24.2,8.1,114.7,7.4,1,1,0,120
2026-06-10T16:45:25.349697,24.2,8.1,114.6,7.3,1,1,0,120
2026-06-10T16:45:27.354558,24.2,8.2,114.5,7.3,1,1,0,120
2026-06-10T16:45:29.349716,24.1,8.2,114.4,7.3,1,1,0,120
2026-06-10T16:45:31.354360,24.2,8.2,114.3,7.3,1,1,0,120
2026-06-10T16:45:33.354097,24.2,8.2,114.2,7.3,1,1,0,120
2026-06-10T16:45:35.349535,24.1,8.2,114.1,7.3,1,1,0,120
2026-06-10T16:45:37.357469,24.1,8.3,114,7.3,1,1,0,120
2026-06-10T16:45:39.349128,24.1,8.3,113.9,7.3,1,1,0,120
2026-06-10T16:45:41.350104,24.1,8.3,113.8,7.3,1,1,0,120
2026-06-10T16:45:43.354162,24.1,8.3,113.7,7.3,1,1,0,120
2026-06-10T16:45:45.353005,24.1,8.3,113.7,7.3,1,1,0,120
2026-06-10T16:45:47.349921,24.1,8.3,113.6,7.3,1,1,0,120
2026-06-10T16:45:49.355636,24.1,8.3,113.5,7.3,1,1,0,120
2026-06-10T16:45:51.351219,24.1,8.4,113.4,7.2,1,1,0,120
2026-06-10T16:45:53.356507,24.1,8.4,113.3,7.3,1,1,0,120
2026-06-10T16:45:55.349548,24.1,8.4,113.3,7.3,1,1,0,120
2026-06-10T16:45:57.349780,24.1,8.5,113.2,7.3,1,1,0,120
2026-06-10T16:45:59.354802,24.1,8.5,113.1,7.3,1,1,0,120
2026-06-10T16:46:01.349320,24.1,8.5,113,7.3,1,1,0,120
2026-06-10T16:46:03.349468,24.1,8.5,113,7.3,1,1,0,120
2026-06-10T16:46:05.349469,24,8.5,112.9,7.3,1,1,0,120
2026-06-10T16:46:07.349554,24,8.5,112.8,7.2,1,1,0,120
2026-06-10T16:46:09.354812,24.1,8.6,112.8,7.3,1,1,0,120
2026-06-10T16:46:11.354791,24,8.6,112.7,7.3,1,1,0,120
2026-06-10T16:46:13.349474,24,8.6,112.7,7.3,1,1,0,120
2026-06-10T16:46:15.349497,24,8.6,112.6,7.2,1,1,0,120
2026-06-10T16:46:17.354060,24,8.6,112.5,7.3,1,1,0,120
2026-06-10T16:46:19.353751,24,8.7,112.5,7.3,1,1,0,120
2026-06-10T16:46:21.348979,24,8.7,112.4,7.3,1,1,0,120
2026-06-10T16:46:23.349270,24,8.7,112.4,7.3,1,1,0,120
2026-06-10T16:46:25.354533,24,8.7,112.3,7.2,1,1,0,120
2026-06-10T16:46:27.349516,24,8.7,112.2,7.2,1,1,0,120
2026-06-10T16:46:29.353737,24,8.8,112.2,7.2,1,1,0,120
2026-06-10T16:46:31.350153,24,8.7,112.2,7.2,1,1,0,120
2026-06-10T16:46:33.354428,24,8.8,112.1,7.3,1,1,0,120
2026-06-10T16:46:35.354211,24,8.8,112.1,7.3,1,1,0,120
2026-06-10T16:46:37.349218,24,8.8,112,7.3,1,1,0,120
2026-06-10T16:46:39.354170,24,8.8,112,7.2,1,1,0,120
2026-06-10T16:46:41.354876,24,8.8,111.9,7.2,1,1,0,120
2026-06-10T16:46:43.349769,24,8.8,111.9,7.3,1,1,0,120
2026-06-10T16:46:45.350509,24,8.9,111.9,7.3,1,1,0,120
2026-06-10T16:46:47.349660,24,8.9,111.8,7.3,1,1,0,120
2026-06-10T16:46:49.349159,24,8.9,111.8,7.3,1,1,0,120
2026-06-10T16:46:51.349484,24,8.9,111.8,7.3,1,1,0,120
2026-06-10T16:46:53.354822,24,8.9,111.8,7.2,1,1,0,120
2026-06-10T16:46:55.354229,24,9,111.7,7.3,1,1,0,120
2026-06-10T16:46:57.349237,24,9,111.7,7.3,1,1,0,120
2026-06-10T16:46:59.349209,24,9,111.7,7.2,1,1,0,120
2026-06-10T16:47:01.349529,23.9,9,111.6,7.2,1,1,0,120
2026-06-10T16:47:03.349586,23.9,9,111.6,7.2,1,1,0,120
2026-06-10T16:47:05.349621,24,9.1,111.6,7.3,1,1,0,120
2026-06-10T16:47:07.348518,24,9,111.6,7.2,1,1,0,120
2026-06-10T16:47:09.355140,23.9,9.1,111.6,7.3,1,1,0,120
2026-06-10T16:47:11.349801,24,9.1,111.5,7.3,1,1,0,120
2026-06-10T16:47:13.350016,23.9,9.2,111.5,7.2,1,1,0,120
2026-06-10T16:47:15.355260,23.9,9.2,111.5,7.2,1,1,0,120
2026-06-10T16:47:17.349923,23.9,9.1,111.5,7.3,1,1,0,120
2026-06-10T16:47:19.349854,23.9,9.1,111.5,7.2,1,1,0,120
2026-06-10T16:47:21.349883,23.9,9.2,111.4,7.2,1,1,0,120
2026-06-10T16:47:23.349809,23.9,9.2,111.4,7.2,1,1,0,120
2026-06-10T16:47:25.349428,23.9,9.2,111.4,7.2,1,1,0,120
2026-06-10T16:47:27.354479,23.9,9.3,111.4,7.3,1,1,0,120
2026-06-10T16:47:29.354586,23.9,9.2,111.4,7.3,1,1,0,120
2026-06-10T16:47:31.352508,23.9,9.2,111.4,7.3,1,1,0,120
2026-06-10T16:47:33.349414,23.9,9.3,111.4,7.2,1,1,0,120
2026-06-10T16:47:35.349999,23.9,9.3,111.4,7.2,1,1,0,120
2026-06-10T16:47:37.349975,23.9,9.3,111.4,7.2,1,1,0,120
2026-06-10T16:47:39.350105,23.9,9.4,111.3,7.2,1,1,0,120
2026-06-10T16:47:41.354609,23.9,9.4,111.4,7.2,1,1,0,120
2026-06-10T16:47:43.354441,23.9,9.3,111.4,7.3,1,1,0,120
2026-06-10T16:47:45.350099,23.9,9.4,111.3,7.2,1,1,0,120
2026-06-10T16:47:47.349910,23.9,9.4,111.4,7.2,1,1,0,120
2026-06-10T16:47:49.354478,23.9,9.5,111.3,7.3,1,1,0,120
2026-06-10T16:47:51.349965,23.9,9.5,111.3,7.2,1,1,0,120
2026-06-10T16:47:53.349960,23.9,9.4,111.3,7.2,1,1,0,120
2026-06-10T16:47:55.353218,23.9,9.4,111.3,7.2,1,1,0,120
2026-06-10T16:47:57.349792,23.9,9.5,111.3,7.2,1,1,0,120
2026-06-10T16:47:59.350081,23.9,9.5,111.3,7.3,1,1,0,120
2026-06-10T16:48:01.355254,23.9,9.6,111.3,7.2,1,1,0,120
2026-06-10T16:48:03.355164,23.9,9.6,111.3,7.2,1,1,0,120
2026-06-10T16:48:05.355511,23.9,9.5,111.3,7.2,1,1,0,120
2026-06-10T16:48:07.350147,23.8,9.6,111.3,7.2,1,1,0,120
2026-06-10T16:48:09.354856,23.8,9.6,111.3,7.2,1,1,0,120
2026-06-10T16:48:11.354032,23.9,9.6,111.3,7.2,1,1,0,120
2026-06-10T16:48:13.350342,23.9,9.6,111.3,7.1,1,1,0,120
2026-06-10T16:48:15.350043,23.9,9.6,111.3,7.1,1,1,0,120
2026-06-10T16:48:17.350023,23.8,9.6,111.3,7.2,1,1,0,120
2026-06-10T16:48:19.354313,23.9,9.7,111.3,7.2,1,1,0,120
2026-06-10T16:48:21.349924,23.9,9.7,111.3,7.2,1,1,0,120
2026-06-10T16:48:23.354408,23.9,9.7,111.3,7.1,1,1,0,120
2026-06-10T16:48:25.354759,23.9,9.7,111.3,7.2,1,1,0,120
2026-06-10T16:48:27.349951,23.9,9.8,111.4,7.1,1,1,0,120
2026-06-10T16:48:29.354405,23.8,9.7,111.4,7.2,1,1,0,120
2026-06-10T16:48:31.350029,23.9,9.8,111.4,7.2,1,1,0,120
2026-06-10T16:48:33.354666,23.9,9.8,111.4,7.1,1,1,0,120
2026-06-10T16:48:35.352889,23.9,9.8,111.4,7.2,1,1,0,120
2026-06-10T16:48:37.354434,23.9,9.8,111.4,7.2,1,1,0,120
2026-06-10T16:48:39.350055,23.9,9.8,111.4,7.2,1,1,0,120
2026-06-10T16:48:41.350004,23.9,9.8,111.4,7.2,1,1,0,120
2026-06-10T16:48:43.350093,23.8,9.9,111.4,7.2,1,1,0,120
2026-06-10T16:48:45.355639,23.9,9.9,111.4,7.2,1,1,0,120
2026-06-10T16:48:47.350086,23.9,9.9,111.4,7.2,1,1,0,120
2026-06-10T16:48:49.350053,23.9,9.9,111.4,7.1,1,1,0,120
2026-06-10T16:48:51.354738,23.9,9.9,111.4,7.2,1,1,0,120
2026-06-10T16:48:53.350796,23.8,9.9,111.4,7.1,1,1,0,120
2026-06-10T16:48:55.350229,23.9,9.9,111.4,7.1,1,1,0,120
2026-06-10T16:48:57.349802,23.9,10,111.4,7.1,1,1,0,120
2026-06-10T16:48:59.350214,23.8,9.9,111.4,7.2,1,1,0,120
2026-06-10T16:49:01.354806,23.9,10,111.4,7.1,1,1,0,120
2026-06-10T16:49:03.349921,23.9,10,111.5,7.1,1,1,0,120
2026-06-10T16:49:05.354686,23.9,10,111.5,7.1,1,1,0,120
2026-06-10T16:49:07.350059,23.9,10,111.5,7.1,1,1,0,120
2026-06-10T16:49:09.354447,23.9,10.1,111.5,7.1,1,1,0,120
2026-06-10T16:49:11.355439,23.9,10.1,111.5,7.1,1,1,0,120
2026-06-10T16:49:13.355067,23.9,10.1,111.5,7.1,1,1,0,120
2026-06-10T16:49:15.354862,23.9,10,111.5,7.1,1,1,0,120
2026-06-10T16:49:17.355240,23.9,10.1,111.5,7.1,1,1,0,120
2026-06-10T16:49:19.354434,23.9,10.1,111.5,7.2,1,1,0,120
2026-06-10T16:49:21.354920,23.9,10.1,111.6,7.2,1,1,0,120
2026-06-10T16:49:23.350286,23.9,10.1,111.6,7.1,1,1,0,120
2026-06-10T16:49:25.354916,23.9,10.1,111.6,7.2,1,1,0,120
2026-06-10T16:49:27.353960,23.9,10.2,111.6,7.1,1,1,0,120
2026-06-10T16:49:29.354271,23.9,10.2,111.6,7.1,1,1,0,120
2026-06-10T16:49:31.355383,23.9,10.2,111.6,7.1,1,1,0,120
2026-06-10T16:49:33.354776,23.9,10.2,111.6,7.1,1,1,0,120
2026-06-10T16:49:35.350373,23.9,10.2,111.6,7.1,1,1,0,120
2026-06-10T16:49:37.354855,23.9,10.2,111.6,7,1,1,0,120
2026-06-10T16:49:39.350137,23.9,10.3,111.6,7.1,1,1,0,120
2026-06-10T16:49:41.349823,23.9,10.3,111.6,7.1,1,1,0,120
2026-06-10T16:49:43.355200,23.9,10.3,111.7,7.1,1,1,0,120
2026-06-10T16:49:45.354517,23.9,10.3,111.7,7,1,1,0,120
2026-06-10T16:49:47.354098,23.9,10.3,111.6,7.1,1,1,0,120
2026-06-10T16:49:49.354899,23.9,10.4,111.7,7.1,1,1,0,120
2026-06-10T16:49:51.354962,23.9,10.3,111.7,7.1,1,1,0,120
2026-06-10T16:49:53.349619,23.9,10.3,111.7,7,1,1,0,120
2026-06-10T16:49:55.355350,23.9,10.4,111.7,7.1,1,1,0,120
2026-06-10T16:49:57.349846,23.9,10.4,111.7,7.1,1,1,0,120
2026-06-10T16:49:59.349748,23.9,10.4,111.7,7.1,1,1,0,120
2026-06-10T16:50:01.353016,23.9,10.4,111.7,7,1,1,0,120
2026-06-10T16:50:03.355175,23.9,10.4,111.8,7.1,1,1,0,120
2026-06-10T16:50:05.355058,23.9,10.5,111.8,7.1,1,1,0,120
2026-06-10T16:50:07.355433,23.9,10.5,111.8,7.1,1,1,0,120
2026-06-10T16:50:09.350115,23.9,10.5,111.8,7.1,1,1,0,120
2026-06-10T16:50:11.349777,23.9,10.5,111.8,7,1,1,0,120
2026-06-10T16:50:13.355015,23.9,10.5,111.8,7,1,1,0,120
2026-06-10T16:50:15.354930,23.9,10.5,111.8,7.1,1,1,0,120
2026-06-10T16:50:17.349778,23.9,10.6,111.8,7.1,1,1,0,120
2026-06-10T16:50:19.350157,23.9,10.5,111.8,7,1,1,0,120
2026-06-10T16:50:21.350223,23.9,10.6,111.9,7,1,1,0,120
2026-06-10T16:50:23.354738,23.9,10.6,111.9,7,1,1,0,120
2026-06-10T16:50:25.350446,23.9,10.6,111.9,7.1,1,1,0,120
2026-06-10T16:50:27.350618,23.9,10.6,111.9,7.1,1,1,0,120
2026-06-10T16:50:29.350231,23.9,10.7,111.9,7,1,1,0,120
2026-06-10T16:50:31.350078,23.9,10.6,111.9,7,1,1,0,120
2026-06-10T16:50:33.353501,23.9,10.7,111.9,7,1,1,0,120
2026-06-10T16:50:35.355388,23.9,10.7,111.9,7.1,1,1,0,120
2026-06-10T16:50:37.354773,23.9,10.7,111.9,7,1,1,0,120
2026-06-10T16:50:39.354933,23.9,10.7,111.9,7,1,1,0,120
2026-06-10T16:50:41.349418,23.9,10.7,112,7,1,1,0,120
2026-06-10T16:50:43.353817,23.9,10.7,112,7,1,1,0,120
2026-06-10T16:50:45.349582,23.9,10.7,112,7.1,1,1,0,120
2026-06-10T16:50:47.356268,23.9,10.7,112,7,1,1,0,120
2026-06-10T16:50:49.354817,23.9,10.8,112,7,1,1,0,120
2026-06-10T16:50:51.349730,23.9,10.8,112,7,1,1,0,120
2026-06-10T16:50:53.355800,23.9,10.8,112,7,1,1,0,120
2026-06-10T16:50:55.349679,23.9,10.8,112.1,7,1,1,0,120
2026-06-10T16:50:57.355107,23.9,10.8,112.1,7,1,1,0,120
2026-06-10T16:50:59.355598,23.9,10.9,112.1,7,1,1,0,120
2026-06-10T16:51:01.353410,23.9,10.8,112.1,7,1,1,0,120
2026-06-10T16:51:03.356215,23.9,10.9,112.1,7,1,1,0,120
2026-06-10T16:51:05.357496,23.9,10.9,112.1,7,1,1,0,120
2026-06-10T16:51:07.349987,23.9,10.9,112.1,7,1,1,0,120
2026-06-10T16:51:09.357564,23.9,11,112.1,7,1,1,0,120
2026-06-10T16:51:11.353156,23.9,10.9,112.2,7,1,1,0,120
2026-06-10T16:51:13.356133,23.9,10.9,112.2,6.9,1,1,0,120
2026-06-10T16:51:15.349982,23.9,11,112.2,7,1,1,0,120
2026-06-10T16:51:17.351492,23.9,11,112.2,7,1,1,0,120
2026-06-10T16:51:19.357221,23.9,11,112.2,7,1,1,0,120
2026-06-10T16:51:21.352723,23.9,11,112.2,7,1,1,0,120
2026-06-10T16:51:23.356079,23.9,11,112.2,6.9,1,1,0,120
2026-06-10T16:51:25.350263,23.9,11,112.2,7,1,1,0,120
2026-06-10T16:51:27.355067,23.9,11.1,112.2,6.9,1,1,0,120
2026-06-10T16:51:29.354249,23.9,11.1,112.3,7,1,1,0,120
2026-06-10T16:51:31.356672,23.9,11.1,112.3,6.9,1,1,0,120
2026-06-10T16:51:33.356849,23.9,11.1,112.3,6.9,1,1,0,120
2026-06-10T16:51:35.355077,23.9,11.1,112.3,7,1,1,0,120
2026-06-10T16:51:37.354430,23.9,11.1,112.3,6.9,1,1,0,120
2026-06-10T16:51:39.351238,23.9,11.1,112.3,6.9,1,1,0,120
2026-06-10T16:51:41.351595,23.9,11.1,112.3,7,1,1,0,120
2026-06-10T16:51:43.356085,23.9,11.1,112.3,6.9,1,1,0,120
2026-06-10T16:51:45.352510,23.9,11.1,112.4,6.9,1,1,0,120
2026-06-10T16:51:47.356135,23.9,11.2,112.4,6.9,1,1,0,120
